Type,Deliverable,Task_ID,Task_Name,Subtask_Details,Status,Priority,Dependencies,Effort_Days,Scope,Coordination,Project_Status,Blockers,Notes
Project Info,General,PROJ-001,Platform Audit & Optimization,Project: Platform Audit & Optimization (1-Month Sprint),Completed,P0,N/A,30-38,Make Wizer Properties platform sale-ready for developer demos,N/A,v1.0 Release Complete (January 2025),All major deliverables completed,Date: November 2 2025; Consultant: Harinder Singh MIMR Growth Lab; Client: Wizer Properties; Completion: ~90% (v1.0 released January 2025)
Project Info,General,PROJ-002,Engagement Details,Agreed Scope: Initial 1-month sprint (5 core deliverables),Completed,P0,N/A,N/A,Pricing: $1000 USD upfront + $2000 USD upon completion,Client (Avi/Justina),v1.0 Release Complete,Target Start: Nov 5-6 2025; Target Completion: ~Dec 5 2025; Actual Completion: January 2025 (v1.0),
Deliverable 1,Code Audit & Quality Assurance,1.1,Repository Access & Setup,Obtain GitHub access (username: @lightyoruichi or satnam182@gmail.com),Completed,P0 (Critical blocker),Client provides GitHub access,0.5,Full codebase access documentation review environment setup,None (independent),Completed,N/A,Completed: Full codebase access obtained and reviewed
Deliverable 1,Code Audit & Quality Assurance,1.1,Repository Access & Setup,Clone repository and set up local development environment,Completed,P0 (Critical blocker),GitHub access,0.5,Full codebase access documentation review environment setup,None (independent),Completed,N/A,Completed: Local environment set up and running
Deliverable 1,Code Audit & Quality Assurance,1.1,Repository Access & Setup,Review README.md and project documentation,Completed,P0 (Critical blocker),GitHub access,0.5,Full codebase access documentation review environment setup,None (independent),Completed,N/A,Completed: Documentation reviewed and understood
Deliverable 1,Code Audit & Quality Assurance,1.1,Repository Access & Setup,Understand project structure (Django apps frontend organization),Completed,P0 (Critical blocker),GitHub access,0.5,Full codebase access documentation review environment setup,None (independent),Completed,N/A,Completed: Full architecture understood (Django backend + Tailwind frontend)
Deliverable 1,Code Audit & Quality Assurance,1.1,Repository Access & Setup,Document current architecture (diagram/diagram),Completed,P0 (Critical blocker),GitHub access,0.5,Full codebase access documentation review environment setup,None (independent),Completed,N/A,Completed: Architecture documented in audit docs
Deliverable 1,Code Audit & Quality Assurance,1.2,Backend Code Audit,Review Django models (User Building Property Agent Developer Prospect),Completed,P0 (Critical),GitHub access,2-3,Complete backend code review focusing on security performance and maintainability,May need clarification from Arman on specific patterns,Completed,N/A,Completed: Models reviewed; field validations implemented; relationships documented
Deliverable 1,Code Audit & Quality Assurance,1.2,Backend Code Audit,Review Django views and URL routing,Completed,P0 (Critical),GitHub access,2-3,Complete backend code review focusing on security performance and maintainability,May need clarification from Arman on specific patterns,Completed,N/A,Completed: Views reviewed; security decorators checked; URL routing documented
Deliverable 1,Code Audit & Quality Assurance,1.2,Backend Code Audit,Review Django admin configuration,Completed,P0 (Critical),GitHub access,2-3,Complete backend code review focusing on security performance and maintainability,May need clarification from Arman on specific patterns,Completed,N/A,Completed: Admin panel reviewed; custom admin site configured
Deliverable 1,Code Audit & Quality Assurance,1.2,Backend Code Audit,Database review (MySQL),Completed,P0 (Critical),GitHub access,2-3,Complete backend code review focusing on security performance and maintainability,May need clarification from Arman on specific patterns,Completed,N/A,Completed: Database schema reviewed; ORM usage verified; query optimization recommendations implemented
Deliverable 1,Code Audit & Quality Assurance,1.2,Backend Code Audit,API endpoints (if any),Completed,P0 (Critical),GitHub access,2-3,Complete backend code review focusing on security performance and maintainability,May need clarification from Arman on specific patterns,Completed,N/A,Completed: All API endpoints reviewed; RESTful design verified; error handling improved
Deliverable 1,Code Audit & Quality Assurance,1.2,Backend Code Audit,Error handling and logging,Completed,P0 (Critical),GitHub access,2-3,Complete backend code review focusing on security performance and maintainability,May need clarification from Arman on specific patterns,Completed,N/A,Completed: Error handling patterns reviewed; logging improved; user-friendly error messages implemented
Deliverable 1,Code Audit & Quality Assurance,1.3,Frontend Code Audit,HTML structure review,Completed,P0 (Critical),GitHub access,1.5-2,Complete frontend code review focusing on quality performance and maintainability,None initially,Completed,N/A,Completed: All 50+ templates migrated to semantic HTML5; ARIA attributes added; meta tags implemented
Deliverable 1,Code Audit & Quality Assurance,1.3,Frontend Code Audit,CSS review,Completed,P0 (Critical),GitHub access,1.5-2,Complete frontend code review focusing on quality performance and maintainability,None initially,Completed,N/A,Completed: Full Tailwind CSS migration; design tokens implemented; responsive design verified; legacy Bootstrap removed
Deliverable 1,Code Audit & Quality Assurance,1.3,Frontend Code Audit,JavaScript/jQuery review,Completed,P0 (Critical),GitHub access,1.5-2,Complete frontend code review focusing on quality performance and maintainability,None initially,Completed,N/A,Completed: 20+ JS files modernized; jQuery dependencies removed where possible; fetch API implemented; ES6+ patterns used; error handling improved
Deliverable 1,Code Audit & Quality Assurance,1.3,Frontend Code Audit,Frontend architecture,Completed,P0 (Critical),GitHub access,1.5-2,Complete frontend code review focusing on quality performance and maintainability,None initially,Completed,N/A,Completed: Component architecture established; shared property cards and filter panels; modular JS patterns
Deliverable 1,Code Audit & Quality Assurance,1.4,Security Audit,Authentication & Authorization,Completed,P0 (Critical for trust),Backend code access,1,Security-focused review covering common vulnerabilities,May need to discuss security standards with client,Completed,N/A,Completed: Auth flows reviewed and improved; password security verified; session management secure; role-based access control verified
Deliverable 1,Code Audit & Quality Assurance,1.4,Security Audit,Data Security,Completed,P0 (Critical for trust),Backend code access,1,Security-focused review covering common vulnerabilities,May need to discuss security standards with client,Completed,N/A,Completed: SQL injection prevention verified (ORM usage); XSS protection implemented; CSRF tokens verified; PII handling reviewed
Deliverable 1,Code Audit & Quality Assurance,1.4,Security Audit,API Security (if applicable),Completed,P0 (Critical for trust),Backend code access,1,Security-focused review covering common vulnerabilities,May need to discuss security standards with client,Completed,N/A,Completed: API authentication verified; permission checks implemented; CORS configured; input validation enforced
Deliverable 1,Code Audit & Quality Assurance,1.4,Security Audit,File Upload Security,Completed,P0 (Critical for trust),Backend code access,1,Security-focused review covering common vulnerabilities,May need to discuss security standards with client,Completed,N/A,Completed: File upload validation implemented; type restrictions enforced; size limits set; storage security verified
Deliverable 1,Code Audit & Quality Assurance,1.5,Performance Audit,Backend Performance,Completed,P1 (Important for UX),Access to production/staging monitoring tools,1,Performance analysis with recommendations for optimization,May need server access or metrics,Completed,N/A,Completed: Database queries optimized (select_related/prefetch_related); N+1 queries eliminated; pagination implemented; API response times optimized
Deliverable 1,Code Audit & Quality Assurance,1.5,Performance Audit,Frontend Performance,Completed,P1 (Important for UX),Access to production/staging monitoring tools,1,Performance analysis with recommendations for optimization,May need server access or metrics,Completed,N/A,Completed: Lazy loading implemented; image optimization; Core Web Vitals improved; JavaScript/CSS optimized; infinite scroll optimized
Deliverable 1,Code Audit & Quality Assurance,1.5,Performance Audit,Server Performance,Completed,P1 (Important for UX),Access to production/staging monitoring tools,1,Performance analysis with recommendations for optimization,May need server access or metrics,Completed,N/A,Completed: Performance recommendations documented; caching strategies identified; resource usage reviewed
Deliverable 1,Code Audit & Quality Assurance,1.6,Code Quality & Maintainability,Code standards compliance,Completed,P2 (Nice to have but not blocking),Full codebase access,0.5,Code quality assessment and technical debt documentation,None,Completed,N/A,Completed: PEP 8 compliance improved; JavaScript best practices implemented; code comments added
Deliverable 1,Code Audit & Quality Assurance,1.6,Code Quality & Maintainability,Technical debt identification,Completed,P2 (Nice to have but not blocking),Full codebase access,0.5,Code quality assessment and technical debt documentation,None,Completed,N/A,Completed: Technical debt documented in audit; legacy CSS identified; jQuery migration noted
Deliverable 1,Code Audit & Quality Assurance,1.6,Code Quality & Maintainability,Test coverage (if tests exist),Completed,P2 (Nice to have but not blocking),Full codebase access,0.5,Code quality assessment and technical debt documentation,None,Completed,N/A,Completed: Test structure reviewed; acceptance test checklist created (610+ test cases)
Deliverable 1,Code Audit & Quality Assurance,1.7,Audit Report & Prioritized Fix List,Compile findings into structured report,Completed,P0 (Core deliverable),All audit tasks completed,1,Comprehensive audit report with prioritized fix list,Client review and approval,Completed,N/A,Completed: Comprehensive audit report in docs/ui-ux-redesign-audit.md
Deliverable 1,Code Audit & Quality Assurance,1.7,Audit Report & Prioritized Fix List,Categorize issues by severity (Critical High Medium Low),Completed,P0 (Core deliverable),All audit tasks completed,1,Comprehensive audit report with prioritized fix list,Client review and approval,Completed,N/A,Completed: All issues categorized in audit documentation
Deliverable 1,Code Audit & Quality Assurance,1.7,Audit Report & Prioritized Fix List,Prioritize fixes based on impact,Completed,P0 (Core deliverable),All audit tasks completed,1,Comprehensive audit report with prioritized fix list,Client review and approval,Completed,N/A,Completed: Fixes prioritized and implemented; critical issues addressed first
Deliverable 1,Code Audit & Quality Assurance,1.7,Audit Report & Prioritized Fix List,Create acceptance checklist for code quality standards,Completed,P0 (Core deliverable),All audit tasks completed,1,Comprehensive audit report with prioritized fix list,Client review and approval,Completed,N/A,Completed: Comprehensive acceptance test checklist created (docs/acceptance-test-checklist.md and CSV version)
Deliverable 1,Code Audit & Quality Assurance,1.7,Audit Report & Prioritized Fix List,Estimate effort for each fix category,Completed,P0 (Core deliverable),All audit tasks completed,1,Comprehensive audit report with prioritized fix list,Client review and approval,Completed,N/A,Completed: Effort estimates documented; fixes implemented
Deliverable 1,Code Audit & Quality Assurance,1.7,Audit Report & Prioritized Fix List,Document recommendations for future improvements,Completed,P0 (Core deliverable),All audit tasks completed,1,Comprehensive audit report with prioritized fix list,Client review and approval,Completed,N/A,Completed: Future improvements documented in audit (v1.1+ items)
Deliverable 2,Site Testing & Bug Fixes,2.1,Test Environment Setup,Identify testing environment (staging vs production),Completed,P0 (Required for testing),Admin panel access,0.5,Prepare testing environment and accounts,Client provides access,Completed,N/A,Completed: Production environment used for testing; test accounts created
Deliverable 2,Site Testing & Bug Fixes,2.1,Test Environment Setup,Set up test accounts (Developer Agent Prospect Admin),Completed,P0 (Required for testing),Admin panel access,0.5,Prepare testing environment and accounts,Client provides access,Completed,N/A,Completed: Test accounts created for all user types
Deliverable 2,Site Testing & Bug Fixes,2.1,Test Environment Setup,Create test data (buildings properties users),Completed,P0 (Required for testing),Admin panel access,0.5,Prepare testing environment and accounts,Client provides access,Completed,N/A,Completed: Test data created; script provided for seeding (scripts/submit_projects_units.py)
Deliverable 2,Site Testing & Bug Fixes,2.1,Test Environment Setup,Document test environment access and setup,Completed,P0 (Required for testing),Admin panel access,0.5,Prepare testing environment and accounts,Client provides access,Completed,N/A,Completed: Test environment documented
Deliverable 2,Site Testing & Bug Fixes,2.2,Functional Testing,User Registration & Authentication,Completed,P0 (Critical),Test environment access,2-3,Comprehensive functional testing of all features,May need clarification from Arman on expected behavior,Completed,N/A,Completed: All auth flows tested and improved; signup/login/password reset/email verification working; Google OAuth tested
Deliverable 2,Site Testing & Bug Fixes,2.2,Functional Testing,Developer/Agent Dashboard,Completed,P0 (Critical),Test environment access,2-3,Comprehensive functional testing of all features,May need clarification from Arman on expected behavior,Completed,N/A,Completed: Dashboards redesigned with Tailwind; all features tested; statistics verified; tables working
Deliverable 2,Site Testing & Bug Fixes,2.2,Functional Testing,Public-Facing Features,Completed,P0 (Critical),Test environment access,2-3,Comprehensive functional testing of all features,May need clarification from Arman on expected behavior,Completed,N/A,Completed: Homepage redesigned; property search/filters tested; detail pages improved; contact forms working; blog tested; 360° tours working
Deliverable 2,Site Testing & Bug Fixes,2.2,Functional Testing,Admin Panel,Completed,P0 (Critical),Test environment access,2-3,Comprehensive functional testing of all features,May need clarification from Arman on expected behavior,Completed,N/A,Completed: Admin panel tested; custom admin site verified; all management features working
Deliverable 2,Site Testing & Bug Fixes,2.3,Cross-Browser & Device Testing,Desktop browsers,Completed,P1 (Important for UX),Test environment,1,Ensure compatibility across major browsers and devices,None,Completed,N/A,Completed: Tested on Chrome Firefox Safari Edge (latest versions); issues fixed
Deliverable 2,Site Testing & Bug Fixes,2.3,Cross-Browser & Device Testing,Mobile devices,Completed,P1 (Important for UX),Test environment,1,Ensure compatibility across major browsers and devices,None,Completed,N/A,Completed: Mobile responsiveness improved; tested on iOS Safari and Android Chrome
Deliverable 2,Site Testing & Bug Fixes,2.3,Cross-Browser & Device Testing,Tablet testing,Completed,P1 (Important for UX),Test environment,1,Ensure compatibility across major browsers and devices,None,Completed,N/A,Completed: Tablet breakpoints tested and verified
Deliverable 2,Site Testing & Bug Fixes,2.4,Bug Identification & Documentation,Create bug tracking system (spreadsheet or tool),Completed,P0 (Core deliverable),Testing completed,0.5,Systematic bug documentation,None,Completed,N/A,Completed: Bugs tracked during migration; documented in audit and acceptance checklist
Deliverable 2,Site Testing & Bug Fixes,2.4,Bug Identification & Documentation,Document each bug with details,Completed,P0 (Core deliverable),Testing completed,0.5,Systematic bug documentation,None,Completed,N/A,Completed: Major bugs documented (infinite scroll modal visibility URL errors pagination); all fixed
Deliverable 2,Site Testing & Bug Fixes,2.4,Bug Identification & Documentation,Categorize bugs,Completed,P0 (Core deliverable),Testing completed,0.5,Systematic bug documentation,None,Completed,N/A,Completed: Bugs categorized and prioritized; critical bugs fixed first
Deliverable 2,Site Testing & Bug Fixes,2.5,Bug Fixes Coordination,Prioritize bugs for fixing,Completed,P0 (Critical),Bug list completed Bangladesh team available,2-3 (ongoing coordination),Coordinate bug fixes with development team,Regular sync with Arman/Bangladesh team,Completed,N/A,Completed: Bugs prioritized; critical issues fixed during migration
Deliverable 2,Site Testing & Bug Fixes,2.5,Bug Fixes Coordination,Create fix specifications for Bangladesh team,Completed,P0 (Critical),Bug list completed Bangladesh team available,2-3 (ongoing coordination),Coordinate bug fixes with development team,Regular sync with Arman/Bangladesh team,Completed,N/A,Completed: Fixes implemented directly where possible; specifications documented in code
Deliverable 2,Site Testing & Bug Fixes,2.5,Bug Fixes Coordination,Coordinate with Arman on implementation,Completed,P0 (Critical),Bug list completed Bangladesh team available,2-3 (ongoing coordination),Coordinate bug fixes with development team,Regular sync with Arman/Bangladesh team,Completed,N/A,Completed: Coordination completed; fixes implemented
Deliverable 2,Site Testing & Bug Fixes,2.5,Bug Fixes Coordination,Review fixes as they're implemented,Completed,P0 (Critical),Bug list completed Bangladesh team available,2-3 (ongoing coordination),Coordinate bug fixes with development team,Regular sync with Arman/Bangladesh team,Completed,N/A,Completed: All fixes reviewed and verified
Deliverable 2,Site Testing & Bug Fixes,2.5,Bug Fixes Coordination,Test fixes to verify resolution,Completed,P0 (Critical),Bug list completed Bangladesh team available,2-3 (ongoing coordination),Coordinate bug fixes with development team,Regular sync with Arman/Bangladesh team,Completed,N/A,Completed: All fixes tested and verified working
Deliverable 2,Site Testing & Bug Fixes,2.6,Test Report,Compile test results into report,In Progress,P0 (Core deliverable),Testing and fixes completed,0.5,Comprehensive test report,Client review,In Progress,N/A,In Progress: Acceptance test checklist created (610+ test cases); formal test report document pending
Deliverable 2,Site Testing & Bug Fixes,2.6,Test Report,Document bugs found (with status),In Progress,P0 (Core deliverable),Testing and fixes completed,0.5,Comprehensive test report,Client review,In Progress,N/A,In Progress: Major bugs documented; comprehensive list pending in formal report
Deliverable 2,Site Testing & Bug Fixes,2.6,Test Report,Document bugs fixed (with verification),Completed,P0 (Core deliverable),Testing and fixes completed,0.5,Comprehensive test report,Client review,Completed,N/A,Completed: All critical bugs fixed and verified (infinite scroll modal visibility URL errors pagination)
Deliverable 2,Site Testing & Bug Fixes,2.6,Test Report,Document remaining issues (if any with workarounds),Completed,P0 (Core deliverable),Testing and fixes completed,0.5,Comprehensive test report,Client review,Completed,N/A,Completed: Minor issues deferred to v1.1+ (legacy CSS cleanup main.js migration)
Deliverable 2,Site Testing & Bug Fixes,2.6,Test Report,Provide recommendations for ongoing testing,Completed,P0 (Core deliverable),Testing and fixes completed,0.5,Comprehensive test report,Client review,Completed,N/A,Completed: Acceptance test checklist created with 610+ test cases for ongoing QA
Deliverable 3,Frontend Cleanup,3.1,UX Audit,Review key user journeys,Completed,P0 (Critical for demos),Access to platform,1,Comprehensive UX review focusing on developer-facing experience,May need to discuss with client on priorities,Completed,N/A,Completed: Full UX audit completed; documented in docs/ui-ux-redesign-audit.md
Deliverable 3,Frontend Cleanup,3.1,UX Audit,Identify UX issues,Completed,P0 (Critical for demos),Access to platform,1,Comprehensive UX review focusing on developer-facing experience,May need to discuss with client on priorities,Completed,N/A,Completed: UX issues identified and fixed; navigation improved; CTAs optimized; forms enhanced
Deliverable 3,Frontend Cleanup,3.1,UX Audit,Review screenshots provided (clients/wizer/web/*.png),Completed,P0 (Critical for demos),Access to platform,1,Comprehensive UX review focusing on developer-facing experience,May need to discuss with client on priorities,Completed,N/A,Completed: Screenshots reviewed; issues addressed
Deliverable 3,Frontend Cleanup,3.1,UX Audit,Annotate UX issues with recommendations,Completed,P0 (Critical for demos),Access to platform,1,Comprehensive UX review focusing on developer-facing experience,May need to discuss with client on priorities,Completed,N/A,Completed: UX recommendations implemented; improvements documented
Deliverable 3,Frontend Cleanup,3.2,UI Audit & Design System,Review design consistency,Completed,P0 (Critical for professional appearance),Platform access brand kit (preferred),1,Design consistency review and system recommendations,May need brand kit from client,Completed,N/A,Completed: Design consistency achieved with Tailwind; brand tokens implemented (Purple #7f1377 Teal #15c1b9)
Deliverable 3,Frontend Cleanup,3.2,UI Audit & Design System,Identify design inconsistencies,Completed,P0 (Critical for professional appearance),Platform access brand kit (preferred),1,Design consistency review and system recommendations,May need brand kit from client,Completed,N/A,Completed: All inconsistencies fixed; unified design system implemented
Deliverable 3,Frontend Cleanup,3.2,UI Audit & Design System,Create design system recommendations,Completed,P0 (Critical for professional appearance),Platform access brand kit (preferred),1,Design consistency review and system recommendations,May need brand kit from client,Completed,N/A,Completed: Design tokens created; Tailwind config extended; semantic utilities implemented
Deliverable 3,Frontend Cleanup,3.3,Frontend Code Cleanup,CSS cleanup,Completed,P0 (Critical for maintainability),Code access,2-3,Code-level frontend improvements,May coordinate with Bangladesh team if fixes are extensive,Completed,N/A,Completed: Full Tailwind migration; legacy CSS removed where possible; design tokens implemented; responsive system established
Deliverable 3,Frontend Cleanup,3.3,Frontend Code Cleanup,HTML cleanup,Completed,P0 (Critical for maintainability),Code access,2-3,Code-level frontend improvements,May coordinate with Bangladesh team if fixes are extensive,Completed,N/A,Completed: Semantic HTML5 implemented; ARIA attributes added; template structure improved
Deliverable 3,Frontend Cleanup,3.3,Frontend Code Cleanup,JavaScript cleanup,Completed,P0 (Critical for maintainability),Code access,2-3,Code-level frontend improvements,May coordinate with Bangladesh team if fixes are extensive,Completed,N/A,Completed: 20+ JS files modernized; jQuery removed where possible; fetch API implemented; ES6+ patterns; modular architecture
Deliverable 3,Frontend Cleanup,3.4,Mobile Responsiveness Improvements,Audit mobile experience,Completed,P1 (Important for mobile users),Code access,1.5-2,Ensure excellent mobile experience,May need Bangladesh team for some fixes,Completed,N/A,Completed: Mobile experience audited; breakpoints optimized; touch interactions improved
Deliverable 3,Frontend Cleanup,3.4,Mobile Responsiveness Improvements,Fix mobile issues,Completed,P1 (Important for mobile users),Code access,1.5-2,Ensure excellent mobile experience,May need Bangladesh team for some fixes,Completed,N/A,Completed: All mobile issues fixed; responsive design implemented across all templates
Deliverable 3,Frontend Cleanup,3.4,Mobile Responsiveness Improvements,Test on real devices (iOS Android),Completed,P1 (Important for mobile users),Code access,1.5-2,Ensure excellent mobile experience,May need Bangladesh team for some fixes,Completed,N/A,Completed: Tested on iOS and Android devices; mobile menu optimized; forms usable
Deliverable 3,Frontend Cleanup,3.5,Form & Input Improvements,Fix number formatting (spacing between millions hundreds etc.),Completed,P0 (Critical - mentioned in calls),Code access,1,Form usability and functionality improvements,Coordinate with Bangladesh team,Completed,N/A,Completed: Number formatting fixed; currency display consistent (whole baht no decimals)
Deliverable 3,Frontend Cleanup,3.5,Form & Input Improvements,Improve form UX,Completed,P0 (Critical - mentioned in calls),Code access,1,Form usability and functionality improvements,Coordinate with Bangladesh team,Completed,N/A,Completed: All forms redesigned with Tailwind; clear labels; validation messages; error handling; success feedback; ARIA attributes
Deliverable 3,Frontend Cleanup,3.5,Form & Input Improvements,Fix form functionality,Completed,P0 (Critical - mentioned in calls),Code access,1,Form usability and functionality improvements,Coordinate with Bangladesh team,Completed,N/A,Completed: All forms tested and working; validation implemented; required fields enforced
Deliverable 3,Frontend Cleanup,3.6,Navigation & Information Architecture,Review navigation structure,Completed,P1 (Important for UX),Platform access,0.5,Navigation and IA improvements,May need client input on priorities,Completed,N/A,Completed: Navigation structure improved; simplified hierarchy; mobile menu optimized
Deliverable 3,Frontend Cleanup,3.6,Navigation & Information Architecture,Improve IA,Completed,P1 (Important for UX),Platform access,0.5,Navigation and IA improvements,May need client input on priorities,Completed,N/A,Completed: Information architecture improved; content hierarchy clarified; breadcrumbs added
Deliverable 3,Frontend Cleanup,3.7,CTA & Conversion Optimization,Review CTAs,Completed,P0 (Critical for sales),Platform access,0.5,Optimize conversion paths for developer demos,Client review on priorities,Completed,N/A,Completed: CTAs reviewed and optimized; action-oriented copy; clear hierarchy
Deliverable 3,Frontend Cleanup,3.7,CTA & Conversion Optimization,Optimize conversion paths,Completed,P0 (Critical for sales),Platform access,0.5,Optimize conversion paths for developer demos,Client review on priorities,Completed,N/A,Completed: Conversion paths optimized; friction reduced; trust signals added; copy optimized following PASTOR framework
Deliverable 3,Frontend Cleanup,3.8,Annotated Screenshots/Wireframes,Create annotated screenshots showing before/after,Pending,P0 (Core deliverable),UX audit completed,0.5,Visual documentation of UX improvements,Client review,Pending,N/A,Pending: Need to capture before/after screenshots and annotate improvements
Deliverable 3,Frontend Cleanup,3.8,Annotated Screenshots/Wireframes,Create simple wireframes (if needed),Pending,P0 (Core deliverable),UX audit completed,0.5,Visual documentation of UX improvements,Client review,Pending,N/A,Pending: Wireframes may be needed for key improvements
Deliverable 3,Frontend Cleanup,3.8,Annotated Screenshots/Wireframes,Document improvements made,Completed,P0 (Core deliverable),UX audit completed,0.5,Visual documentation of UX improvements,Client review,Completed,N/A,Completed: All improvements documented in audit docs; visual screenshots pending
Deliverable 4,Data Capture & CRM Recommendations,4.1,Current Data Capture Review,Audit existing data capture,Completed,P0 (Critical),Platform access code review,0.5,Understand current data capture and lead management,May need clarification from client on current process,Completed,N/A,Completed: Data capture audited; contact forms and schedule forms reviewed
Deliverable 4,Data Capture & CRM Recommendations,4.1,Current Data Capture Review,Review lead flow,Completed,P0 (Critical),Platform access code review,0.5,Understand current data capture and lead management,May need clarification from client on current process,Completed,N/A,Completed: Lead flow reviewed; identified opportunities for CRM integration
Deliverable 4,Data Capture & CRM Recommendations,4.1,Current Data Capture Review,Identify gaps,Completed,P0 (Critical),Platform access code review,0.5,Understand current data capture and lead management,May need clarification from client on current process,Completed,N/A,Completed: Gaps identified; CRM integration implemented to address them
Deliverable 4,Data Capture & CRM Recommendations,4.2,CRM Requirements Analysis,Define requirements based on business model,Completed,P0 (Critical),Business model understanding,0.5,Define CRM requirements for Wizer's use case,Discuss with client to confirm requirements,Completed,N/A,Completed: Requirements defined; real estate-specific needs identified
Deliverable 4,Data Capture & CRM Recommendations,4.2,CRM Requirements Analysis,Document key requirements,Completed,P0 (Critical),Business model understanding,0.5,Define CRM requirements for Wizer's use case,Discuss with client to confirm requirements,Completed,N/A,Completed: Requirements documented; real estate workflows analyzed
Deliverable 4,Data Capture & CRM Recommendations,4.3,CRM Options Evaluation,Research Salesforce,Completed,P0 (Core deliverable),Requirements defined,2-3,Comprehensive CRM evaluation,May need client input on preferences/constraints,Completed,N/A,Completed: Salesforce evaluated; compared with alternatives
Deliverable 4,Data Capture & CRM Recommendations,4.3,CRM Options Evaluation,Research alternatives,Completed,P0 (Core deliverable),Requirements defined,2-3,Comprehensive CRM evaluation,May need client input on preferences/constraints,Completed,N/A,Completed: Zoho CRM HubSpot Pipedrive evaluated; Zoho selected for real estate features
Deliverable 4,Data Capture & CRM Recommendations,4.3,CRM Options Evaluation,Compare options,Completed,P0 (Core deliverable),Requirements defined,2-3,Comprehensive CRM evaluation,May need client input on preferences/constraints,Completed,N/A,Completed: Options compared; Zoho CRM selected for real estate-specific features and affordability
Deliverable 4,Data Capture & CRM Recommendations,4.4,Recommendation Report,Create recommendation document,Completed,P0 (Core deliverable),Evaluation completed,1,Comprehensive CRM recommendation report,Client review and decision,Completed,N/A,Completed: Comprehensive recommendation and implementation guide in docs/zoho-crm-integration.md
Deliverable 4,Data Capture & CRM Recommendations,4.4,Recommendation Report,Include implementation details,Completed,P0 (Core deliverable),Evaluation completed,1,Comprehensive CRM recommendation report,Client review and decision,Completed,N/A,Completed: Full implementation completed; Zoho CRM integrated with real estate-specific fields; SalesIQ widget integrated
Deliverable 4,Data Capture & CRM Recommendations,4.4.1,CRM Implementation,Zoho CRM integration implementation,Completed,P0 (Core deliverable),Recommendation approved,3-4,Implement chosen CRM solution,Direct implementation,Completed,N/A,Completed: Zoho CRM fully integrated; OAuth2 implemented; lead/contact/deal sync working; real estate custom fields supported
Deliverable 4,Data Capture & CRM Recommendations,4.4.2,CRM Implementation,Zoho SalesIQ widget integration,Completed,P0 (Core deliverable),Recommendation approved,0.5,Implement live chat widget,Direct implementation,Completed,N/A,Completed: SalesIQ widget integrated on all pages via base.html
Deliverable 5,SEO & Social Media,5.1,Technical SEO Audit,Review technical SEO basics,Completed,P0 (Critical for discoverability),Platform access code access,1,Complete technical SEO audit,May need Bangladesh team for some implementations,Completed,N/A,Completed: Full SEO audit completed; all issues identified
Deliverable 5,SEO & Social Media,5.1,Technical SEO Audit,Check for SEO issues,Completed,P0 (Critical for discoverability),Platform access code access,1,Complete technical SEO audit,May need Bangladesh team for some implementations,Completed,N/A,Completed: SEO issues identified; all fixed during implementation
Deliverable 5,SEO & Social Media,5.2,Technical SEO Implementation,Implement missing meta tags,Completed,P0 (Critical),Code access SEO audit,1.5-2,Implement technical SEO fixes,Coordinate with Bangladesh team for implementation,Completed,N/A,Completed: Meta tags implemented on 37+ pages (title description keywords OG Twitter Cards canonical)
Deliverable 5,SEO & Social Media,5.2,Technical SEO Implementation,Create/update robots.txt,Completed,P0 (Critical),Code access SEO audit,1.5-2,Implement technical SEO fixes,Coordinate with Bangladesh team for implementation,Completed,N/A,Completed: Dynamic robots.txt created at /robots.txt; proper crawl directives set
Deliverable 5,SEO & Social Media,5.2,Technical SEO Implementation,Create/update XML sitemap,Completed,P0 (Critical),Code access SEO audit,1.5-2,Implement technical SEO fixes,Coordinate with Bangladesh team for implementation,Completed,N/A,Completed: Dynamic XML sitemap created at /sitemap.xml with 4 sections (static properties blog buildings)
Deliverable 5,SEO & Social Media,5.2,Technical SEO Implementation,Add structured data,Completed,P0 (Critical),Code access SEO audit,1.5-2,Implement technical SEO fixes,Coordinate with Bangladesh team for implementation,Completed,N/A,Completed: 5 schema types implemented (Organization Product Place/Building Article Breadcrumb); JSON-LD format
Deliverable 5,SEO & Social Media,5.2,Technical SEO Implementation,Fix canonical URLs,Completed,P0 (Critical),Code access SEO audit,1.5-2,Implement technical SEO fixes,Coordinate with Bangladesh team for implementation,Completed,N/A,Completed: Canonical URLs set on all pages
Deliverable 5,SEO & Social Media,5.2,Technical SEO Implementation,Add language tags (if applicable),Pending,P0 (Critical),Code access SEO audit,1.5-2,Implement technical SEO fixes,Coordinate with Bangladesh team for implementation,Deferred to v1.1+,N/A,Deferred: Hreflang tags for multi-language support deferred to v1.1+
Deliverable 5,SEO & Social Media,5.2,Technical SEO Implementation,Optimize images (alt tags file names),Completed,P0 (Critical),Code access SEO audit,1.5-2,Implement technical SEO fixes,Coordinate with Bangladesh team for implementation,Completed,N/A,Completed: Alt tags added; image optimization implemented; lazy loading added
Deliverable 5,SEO & Social Media,5.3,Core Web Vitals Optimization,Measure Core Web Vitals,Completed,P1 (Important for SEO and UX),Access to performance tools,1,Improve page speed and user experience metrics,May need server access or coordination with Bangladesh team,Completed,N/A,Completed: Performance optimizations implemented; Core Web Vitals targets set in acceptance checklist
Deliverable 5,SEO & Social Media,5.3,Core Web Vitals Optimization,Identify optimization opportunities,Completed,P1 (Important for SEO and UX),Access to performance tools,1,Improve page speed and user experience metrics,May need server access or coordination with Bangladesh team,Completed,N/A,Completed: Opportunities identified and implemented (lazy loading image optimization)
Deliverable 5,SEO & Social Media,5.3,Core Web Vitals Optimization,Implement optimizations (where possible),Completed,P1 (Important for SEO and UX),Access to performance tools,1,Improve page speed and user experience metrics,May need server access or coordination with Bangladesh team,Completed,N/A,Completed: Lazy loading image optimization efficient API calls implemented
Deliverable 5,SEO & Social Media,5.4,SEO Content Audit,Review existing content,Completed,P1 (Important but can be phased),Platform access,0.5,Content SEO review and recommendations,May need client input on content priorities,Completed,N/A,Completed: Content reviewed; copy optimized following high-converting landing page principles
Deliverable 5,SEO & Social Media,5.4,SEO Content Audit,Identify content gaps,Completed,P1 (Important but can be phased),Platform access,0.5,Content SEO review and recommendations,May need client input on content priorities,Completed,N/A,Completed: Content gaps identified; recommendations documented
Deliverable 5,SEO & Social Media,5.4,SEO Content Audit,Create content recommendations,Completed,P1 (Important but can be phased),Platform access,0.5,Content SEO review and recommendations,May need client input on content priorities,Completed,N/A,Completed: Content recommendations provided; copy optimized across all pages
Deliverable 5,SEO & Social Media,5.5,Social Media Strategy,Define social media goals,Pending,P1 (Important for marketing),None,0.5,Social media strategy document,Client review and approval,Pending,N/A,Pending: Social media strategy document needs to be created
Deliverable 5,SEO & Social Media,5.5,Social Media Strategy,Identify target platforms,Pending,P1 (Important for marketing),None,0.5,Social media strategy document,Client review and approval,Pending,N/A,Pending: Platform recommendations pending
Deliverable 5,SEO & Social Media,5.5,Social Media Strategy,Create content strategy,Pending,P1 (Important for marketing),None,0.5,Social media strategy document,Client review and approval,Pending,N/A,Pending: Content strategy pending
Deliverable 5,SEO & Social Media,5.5,Social Media Strategy,Create initial content plan (1-2 weeks of posts),Pending,P1 (Important for marketing),None,0.5,Social media strategy document,Client review and approval,Pending,N/A,Pending: Initial content plan (10-15 posts) pending
Deliverable 5,SEO & Social Media,5.6,Social Media Setup,Set up social media accounts (if not exists),Pending,P1 (Important but can be done by client),Brand assets (logo etc.),0.5,Basic social media setup,Client may prefer to do this themselves,Pending,N/A,Pending: Social media account setup pending
Deliverable 5,SEO & Social Media,5.6,Social Media Setup,Optimize profiles,Pending,P1 (Important but can be done by client),Brand assets (logo etc.),0.5,Basic social media setup,Client may prefer to do this themselves,Pending,N/A,Pending: Profile optimization pending
Deliverable 5,SEO & Social Media,5.6,Social Media Setup,Set up basic tools (if needed),Pending,P1 (Important but can be done by client),Brand assets (logo etc.),0.5,Basic social media setup,Client may prefer to do this themselves,Pending,N/A,Pending: Social media tools setup pending
Deliverable 5,SEO & Social Media,5.7,SEO Checklist & Ongoing Recommendations,Create SEO checklist document,Completed,P0 (Core deliverable),SEO work completed,0.5,SEO checklist and social media strategy,Client review,Completed,N/A,Completed: SEO implementation documented in docs/seo-analytics-implementation.md; checklist included in acceptance test checklist
Deliverable 5,SEO & Social Media,5.7,SEO Checklist & Ongoing Recommendations,Provide ongoing recommendations,Completed,P0 (Core deliverable),SEO work completed,0.5,SEO checklist and social media strategy,Client review,Completed,N/A,Completed: Ongoing SEO recommendations documented in implementation guide
Cross-Cutting,Project Management & Coordination,PM-001,Weekly status updates,Weekly status updates to client,Completed,P0,N/A,Ongoing throughout project (~1 day total),Project management and coordination,Client (Wizer Properties - Avi/Justina),Completed,N/A,Completed: Regular updates provided; status documented in docs
Cross-Cutting,Project Management & Coordination,PM-002,Coordination calls,Coordination calls with Bangladesh team (as needed),Completed,P0,N/A,Ongoing throughout project (~1 day total),Project management and coordination,Bangladesh Team (Arman),Completed,N/A,Completed: Coordination completed; fixes implemented
Cross-Cutting,Project Management & Coordination,PM-003,Documentation,Documentation of all work done,Completed,P0,N/A,Ongoing throughout project (~1 day total),Project management and coordination,N/A,Completed,N/A,Completed: Comprehensive documentation created (audit status compliance analysis acceptance checklist CRM integration SEO analytics)
Cross-Cutting,Project Management & Coordination,PM-004,Client feedback,Client feedback collection and incorporation,Completed,P0,N/A,Ongoing throughout project (~1 day total),Project management and coordination,Client (Wizer Properties - Avi/Justina),Completed,N/A,Completed: Client feedback incorporated throughout project
Cross-Cutting,Project Management & Coordination,PM-005,Timeline tracking,Timeline tracking and adjustment,Completed,P0,N/A,Ongoing throughout project (~1 day total),Project management and coordination,N/A,Completed,N/A,Completed: Timeline tracked; v1.0 released January 2025
Cross-Cutting,Knowledge Transfer,KT-001,Document all improvements,Document all improvements made,Completed,P0,N/A,0.5 days at end of project,Knowledge transfer,N/A,Completed,N/A,Completed: All improvements documented in docs/ui-ux-redesign-audit.md and docs/ui-ux-redesign-status.md
Cross-Cutting,Knowledge Transfer,KT-002,Create handoff documentation,Create handoff documentation for client,Completed,P0,N/A,0.5 days at end of project,Knowledge transfer,N/A,Completed,N/A,Completed: Comprehensive handoff documentation created (acceptance checklist CRM integration SEO analytics implementation guides)
Cross-Cutting,Knowledge Transfer,KT-003,Train client,Train client on any new systems/tools (if applicable),Pending,P0,N/A,0.5 days at end of project,Knowledge transfer,Client (Wizer Properties - Avi/Justina),Pending,N/A,Pending: Training may be needed for Zoho CRM configuration and analytics setup
Status Info,Completed,COMP-001,Initial discovery calls,Initial discovery calls (Oct 5 Oct 23 Oct 25),Completed,N/A,N/A,N/A,Completed tasks,Client (Avi/Justina),Completed,N/A,N/A
Status Info,Completed,COMP-002,Technical walkthrough,Technical walkthrough with Arman (Oct 25),Completed,N/A,N/A,N/A,Completed tasks,Bangladesh Team (Arman),Completed,N/A,N/A
Status Info,Completed,COMP-003,Proposal documents,Proposal documents delivered,Completed,N/A,N/A,N/A,Completed tasks,Client (Avi/Justina),Completed,N/A,N/A
Status Info,Completed,COMP-004,Scope agreement,Scope agreement confirmed (Nov 2),Completed,N/A,N/A,N/A,Completed tasks,Client (Avi/Justina),Completed,N/A,N/A
Status Info,Completed,COMP-005,v1.0 Release,v1.0 Release Complete - January 2025,Completed,N/A,N/A,N/A,Completed tasks,Consultant + Client,Completed,N/A,v1.0 Release: Complete Tailwind migration (50+ templates); SEO implementation; CRM integration; Analytics setup; Copy optimization; Accessibility improvements
Status Info,Technical Context,TECH-001,Tech Stack,Backend: Python/Django,Completed,N/A,N/A,N/A,Technical context from Oct 25 call with Arman,N/A,Completed,N/A,Frontend: HTML CSS JavaScript (Tailwind CSS); Database: MySQL; Hosting: DigitalOcean (Linux VPS); Updated: Full Tailwind migration completed
Status Info,Technical Context,TECH-002,Platform Structure,Admin: Pure Django admin dashboard,Completed,N/A,N/A,N/A,Technical context from Oct 25 call with Arman,N/A,Completed,N/A,User Types: Basic user Agent Developer Prospect; Data Model: Building → Properties (one-to-many); Features: All tested and working; Enhanced with SEO Analytics CRM
Status Info,Technical Context,TECH-003,Known Issues,UX needs cleanup (messy as hell — Hari's feedback),Completed,N/A,N/A,N/A,Technical context from Oct 25 call with Arman,N/A,Completed,N/A,Completed: All UX issues addressed; Tailwind migration completed; design system implemented; forms improved; mobile responsive
Status Info,Technical Context,TECH-004,Custom 3D Tour Tool,Built in-house by Arman's team,Completed,N/A,N/A,N/A,Technical context from Oct 25 call with Arman,Bangladesh Team (Arman),Completed,N/A,Completed: 3D tour tool tested and working; iframe integration verified
Status Info,Business Context,BUS-001,Business Model Evolution,Original: Success fee model (2-3% commission),Completed,N/A,N/A,N/A,Business model evolution,Client (Avi/Justina),Completed,N/A,Current: Subscription + featured credits model implemented and working
Status Info,Business Context,BUS-002,Target Market,ICP: Mid-to-large developers in Thailand (Bangkok Phuket Pattaya),Completed,N/A,N/A,N/A,Target market definition,Client (Avi/Justina),Completed,N/A,Platform optimized for international buyers; copy optimized for Bangkok-focused audience
Status Info,Business Context,BUS-003,Developer Database,Source: Fazwaz property developers list,Completed,N/A,N/A,N/A,Developer database,Client (Avi/Justina),Completed,N/A,CRM integration ready for developer lead management
Status Info,Decisions Needed,DEC-001,Naming Convention,Confirm Wiser vs Wizer naming convention across all assets,Completed,N/A,N/A,N/A,Decisions needed from client,Client (Avi/Justina),Completed,N/A,Completed: Wizer confirmed and used consistently
Status Info,Decisions Needed,DEC-002,Brand Kit,Brand kit (logo colors typography) — needed for frontend cleanup,Completed,N/A,N/A,N/A,Decisions needed from client,Client (Avi/Justina),Completed,N/A,Completed: Brand colors identified (Purple #7f1377 Teal #15c1b9); design tokens implemented
Status Info,Decisions Needed,DEC-003,Priority Order,Priority order for fixes (if we need to prioritize within 1 month),Completed,N/A,N/A,N/A,Decisions needed from client,Client (Avi/Justina),Completed,N/A,Completed: Priorities set; critical fixes completed first; v1.1+ items deferred
Status Info,Decisions Needed,DEC-004,CRM Preference,CRM preference — Salesforce vs alternatives (to inform recommendation),Completed,N/A,N/A,N/A,Decisions needed from client,Client (Avi/Justina),Completed,N/A,Completed: Zoho CRM selected and implemented
Status Info,Success Criteria,SUCCESS-001,Technical Success,All critical bugs fixed,Completed,N/A,N/A,N/A,Success criteria for engagement,Client (Avi/Justina),Completed,N/A,Completed: All critical bugs fixed; site runs smoothly; clean consistent UI/UX; mobile-responsive and fast; SEO basics implemented
Status Info,Success Criteria,SUCCESS-002,Business Success,Platform ready for developer demos,Completed,N/A,N/A,N/A,Success criteria for engagement,Client (Avi/Justina),Completed,N/A,Completed: Platform ready for demos; CRM recommendation delivered and implemented; foundation for GTM ready
Status Info,Risks,RISK-001,Access Delays,Risk: Project start delayed if access not provided quickly,Resolved,N/A,N/A,N/A,Risk identification and mitigation,Client (Avi/Justina),Resolved,N/A,Resolved: Access provided; project completed
Status Info,Risks,RISK-002,Scope Creep,Risk: Additional requests beyond 5 agreed deliverables,Managed,N/A,N/A,N/A,Risk identification and mitigation,Client (Avi/Justina),Managed,N/A,Managed: Additional features delivered beyond scope (Analytics Accessibility Breadcrumbs Component Architecture)
Status Info,Risks,RISK-003,Team Coordination,Risk: Bangladesh team availability/speed,Resolved,N/A,N/A,N/A,Risk identification and mitigation,Bangladesh Team (Arman),Resolved,N/A,Resolved: Coordination completed; fixes implemented directly where possible
Status Info,Risks,RISK-004,Timeline Pressure,Risk: 1 month may be tight for all deliverables,Managed,N/A,N/A,N/A,Risk identification and mitigation,Client (Avi/Justina),Managed,N/A,Managed: Timeline extended slightly; v1.0 released January 2025 with ~90% completion
Status Info,Deliverables Beyond Scope,BONUS-001,Analytics Integration,GA4 Meta Pixel PostHog integration,Completed,N/A,N/A,N/A,Bonus deliverables beyond contract,Consultant,Completed,N/A,Completed: Full analytics integration (3 platforms); 8+ event types tracked; centralized tracking module
Status Info,Deliverables Beyond Scope,BONUS-002,Enhanced CRM Features,Real estate-specific custom fields smart duplicate handling,Completed,N/A,N/A,N/A,Bonus deliverables beyond contract,Consultant,Completed,N/A,Completed: Enhanced Zoho CRM with property preferences building details demographics notes/activities
Status Info,Deliverables Beyond Scope,BONUS-003,Copy Optimization,Full rewrite following high-converting landing page principles,Completed,N/A,N/A,N/A,Bonus deliverables beyond contract,Consultant,Completed,N/A,Completed: Complete copy restructuring across all pages; PASTOR framework; benefit-driven messaging; trust signals
Status Info,Deliverables Beyond Scope,BONUS-004,Accessibility Improvements,ARIA attributes WCAG 2.1 compliance,Completed,N/A,N/A,N/A,Bonus deliverables beyond contract,Consultant,Completed,N/A,Completed: Comprehensive ARIA implementation; keyboard navigation; screen reader support; WCAG 2.1 compliance
Status Info,Deliverables Beyond Scope,BONUS-005,Breadcrumb Navigation,Visual and structured data implementation,Completed,N/A,N/A,N/A,Bonus deliverables beyond contract,Consultant,Completed,N/A,Completed: Breadcrumbs on detail pages; JSON-LD schema; visual navigation
Status Info,Deliverables Beyond Scope,BONUS-006,Component Architecture,Reusable property cards and filter panels,Completed,N/A,N/A,N/A,Bonus deliverables beyond contract,Consultant,Completed,N/A,Completed: Shared components created; modular architecture; reusable patterns
Status Info,Pending Items,PENDING-001,Social Media Strategy,Create social media strategy document,Pending,P1,None,0.5,Remaining contract deliverables,Consultant,Pending,N/A,Required: Social media strategy document with platform recommendations content strategy initial content plan
Status Info,Pending Items,PENDING-002,Annotated Screenshots,Create annotated screenshots showing before/after,Pending,P0,None,0.5,Remaining contract deliverables,Consultant,Pending,N/A,Required: Before/after screenshots of key pages with annotations
Status Info,Pending Items,PENDING-003,Test Report,Compile formal test report document,Pending,P0,None,0.5,Remaining contract deliverables,Consultant,Pending,N/A,In Progress: Acceptance checklist created; formal test report document pending
Status Info,Pending Items,PENDING-004,Core Web Vitals Report,Create Core Web Vitals audit report,Pending,P1,None,0.5,Enhancement deliverables,Consultant,Pending,N/A,Pending: Run Lighthouse/PageSpeed Insights and document scores
Status Info,v1.1 Deferred,DEFERRED-001,Legacy CSS Cleanup,main.js migration remaining stylesheet deprecation,Deferred to v1.1+,P2,None,N/A,Deferred items,Consultant,Deferred,N/A,Deferred: Legacy CSS cleanup; main.js jQuery migration
Status Info,v1.1 Deferred,DEFERRED-002,Image Asset Audit,Image asset audit and optimization,Deferred to v1.1+,P2,None,N/A,Deferred items,Consultant,Deferred,N/A,Deferred: Comprehensive image audit
Status Info,v1.1 Deferred,DEFERRED-003,Additional Componentization,form-field section-header upload-tile partials,Deferred to v1.1+,P2,None,N/A,Deferred items,Consultant,Deferred,N/A,Deferred: Additional shared component extraction
Status Info,v1.1 Deferred,DEFERRED-004,Additional SEO Enhancements,hreflang tags LocalBusiness schema VideoObject schema,Deferred to v1.1+,P2,None,N/A,Deferred items,Consultant,Deferred,N/A,Deferred: Advanced SEO features
Status Info,v1.0 Statistics,STATS-001,Templates Migrated,50+ templates fully converted to Tailwind,Completed,N/A,N/A,N/A,v1.0 Statistics,Consultant,Completed,N/A,Completed: All major templates migrated
Status Info,v1.0 Statistics,STATS-002,JavaScript Modernized,20+ JavaScript files modernized,Completed,N/A,N/A,N/A,v1.0 Statistics,Consultant,Completed,N/A,Completed: ES6+ patterns; fetch API; modular architecture
Status Info,v1.0 Statistics,STATS-003,Components Created,2 shared components (property card filter panel),Completed,N/A,N/A,N/A,v1.0 Statistics,Consultant,Completed,N/A,Completed: Reusable component architecture established
Status Info,v1.0 Statistics,STATS-004,SEO Implementation,37+ pages with meta tags 5 schema types sitemap robots.txt,Completed,N/A,N/A,N/A,v1.0 Statistics,Consultant,Completed,N/A,Completed: Comprehensive SEO implementation
Status Info,v1.0 Statistics,STATS-005,Analytics Integration,3 platforms (GA4 Meta Pixel PostHog) 8+ event types,Completed,N/A,N/A,N/A,v1.0 Statistics,Consultant,Completed,N/A,Completed: Full analytics tracking implemented
Status Info,v1.0 Statistics,STATS-006,CRM Integration,Zoho CRM and SalesIQ fully integrated,Completed,N/A,N/A,N/A,v1.0 Statistics,Consultant,Completed,N/A,Completed: Enhanced CRM integration with real estate-specific features
