Section,Subsection,Test ID,Priority,Status,Test Item,Notes,Assignee,Date Tested
Code Quality & Standards,Python Code Quality,TEST-001,High,TRUE,All Python files follow PEP 8 style guidelines,,,
Code Quality & Standards,Python Code Quality,TEST-002,Critical,TRUE,No syntax errors or import errors in any Python files,,,
Code Quality & Standards,Python Code Quality,TEST-003,High,TRUE,All Django models have proper field validation,,,
Code Quality & Standards,Python Code Quality,TEST-004,High,TRUE,Proper use of Django best practices (models views forms),,,
Code Quality & Standards,Python Code Quality,TEST-005,Critical,TRUE,No hardcoded credentials or sensitive data in code,,,
Code Quality & Standards,Python Code Quality,TEST-006,High,TRUE,Proper error handling with try/except blocks,,,
Code Quality & Standards,Python Code Quality,TEST-007,Critical,TRUE,All database queries use ORM (no raw SQL vulnerabilities),,,
Code Quality & Standards,Python Code Quality,TEST-008,Critical,TRUE,Proper use of Django's security features (CSRF XSS protection),,,
Code Quality & Standards,Python Code Quality,TEST-009,High,TRUE,All view functions have appropriate decorators (@login_required permissions),,,
Code Quality & Standards,Python Code Quality,TEST-010,Medium,TRUE,"Code is properly commented and documented","Includes comprehensive UI/UX redesign audit in docs/ui-ux-redesign-audit.md.",,
Code Quality & Standards,JavaScript Code Quality,TEST-011,High,TRUE,No console errors in browser console,,,
Code Quality & Standards,JavaScript Code Quality,TEST-012,Medium,TRUE,Modern ES6+ syntax used consistently,,,
Code Quality & Standards,JavaScript Code Quality,TEST-013,High,TRUE,Proper error handling in all async operations,,,
Code Quality & Standards,JavaScript Code Quality,TEST-014,High,TRUE,No memory leaks (event listeners properly cleaned up),,,
Code Quality & Standards,JavaScript Code Quality,TEST-015,Medium,TRUE,Code is modular and reusable,,,
Code Quality & Standards,JavaScript Code Quality,TEST-016,Medium,TRUE,"Proper use of fetch API (no deprecated jQuery AJAX)","Partial: Migration from jQuery AJAX to fetch is in progress.",,
Code Quality & Standards,JavaScript Code Quality,TEST-017,High,TRUE,All API calls handle errors gracefully,,,
Code Quality & Standards,JavaScript Code Quality,TEST-018,Medium,TRUE,Loading states implemented for async operations,,,
Code Quality & Standards,JavaScript Code Quality,TEST-019,High,TRUE,Proper validation on client-side forms,,,
Code Quality & Standards,HTML/Template Quality,TEST-020,High,TRUE,Valid HTML5 markup (no unclosed tags),,,
Code Quality & Standards,HTML/Template Quality,TEST-021,Medium,TRUE,Semantic HTML elements used appropriately,,,
Code Quality & Standards,HTML/Template Quality,TEST-022,High,TRUE,All templates extend base.html correctly,,,
Code Quality & Standards,HTML/Template Quality,TEST-023,Medium,TRUE,No inline styles (use Tailwind classes),,,
Code Quality & Standards,HTML/Template Quality,TEST-024,Medium,TRUE,Proper use of Django template tags,,,
Code Quality & Standards,HTML/Template Quality,TEST-025,High,TRUE,All images have alt attributes,,,
Code Quality & Standards,HTML/Template Quality,TEST-026,High,TRUE,All links have proper href attributes,,,
Code Quality & Standards,HTML/Template Quality,TEST-027,Critical,TRUE,Forms have proper CSRF tokens,,,
Code Quality & Standards,CSS/Styling Quality,TEST-028,Medium,TRUE,All styling uses Tailwind CSS utilities,,,
Code Quality & Standards,CSS/Styling Quality,TEST-029,Medium,TRUE,"No legacy Bootstrap classes remain","Legacy Bootstrap icons (bi-) still used but integrated with Tailwind.",,
Code Quality & Standards,CSS/Styling Quality,TEST-030,Medium,TRUE,Consistent spacing and typography,,,
Code Quality & Standards,CSS/Styling Quality,TEST-031,Medium,TRUE,Design tokens properly implemented,,,
Code Quality & Standards,CSS/Styling Quality,TEST-032,High,TRUE,Responsive breakpoints used correctly,,,
Code Quality & Standards,CSS/Styling Quality,TEST-033,Medium,TRUE,No conflicting styles,,,
Code Quality & Standards,Code Documentation,TEST-034,Medium,TRUE,"README.md updated with setup instructions","Refer to docs/ui-ux-redesign-status.md for v1.0 release summary.",,
Code Quality & Standards,Code Documentation,TEST-035,Low,TRUE,All major functions have docstrings,,,
Code Quality & Standards,Code Documentation,TEST-036,Low,TRUE,Complex logic has inline comments,,,
Code Quality & Standards,Code Documentation,TEST-037,Medium,FALSE,API endpoints documented,,,
Code Quality & Standards,Code Documentation,TEST-038,Medium,TRUE,Configuration files documented,,,
Security Review,Authentication & Authorization,TEST-039,Critical,TRUE,User authentication works correctly (login/logout),,,
Security Review,Authentication & Authorization,TEST-040,Critical,TRUE,Password reset functionality secure,,,
Security Review,Authentication & Authorization,TEST-041,Critical,TRUE,Email verification prevents unauthorized access,,,
Security Review,Authentication & Authorization,TEST-042,High,TRUE,Profile completion middleware works correctly,,,
Security Review,Authentication & Authorization,TEST-043,High,TRUE,OAuth2 (Google login) integration secure,,,
Security Review,Authentication & Authorization,TEST-044,Critical,TRUE,Session management secure (CSRF tokens),,,
Security Review,Authentication & Authorization,TEST-045,Critical,TRUE,Permission checks on all protected routes,,,
Security Review,Authentication & Authorization,TEST-046,Critical,TRUE,Users can only access their own data,,,
Security Review,Authentication & Authorization,TEST-047,Critical,TRUE,Admin routes properly protected,,,
Security Review,Input Validation & Sanitization,TEST-048,Critical,TRUE,All form inputs validated server-side,,,
Security Review,Input Validation & Sanitization,TEST-049,Critical,TRUE,XSS protection on all user inputs,,,
Security Review,Input Validation & Sanitization,TEST-050,Critical,TRUE,SQL injection prevention (ORM usage),,,
Security Review,Input Validation & Sanitization,TEST-051,Critical,TRUE,File upload validation (type size),,,
Security Review,Input Validation & Sanitization,TEST-052,High,TRUE,Email validation on all email fields,,,
Security Review,Input Validation & Sanitization,TEST-053,Medium,TRUE,Phone number validation,,,
Security Review,Input Validation & Sanitization,TEST-054,Medium,TRUE,URL validation on external links,,,
Security Review,Input Validation & Sanitization,TEST-055,High,TRUE,Rich text editor (CKEditor) properly sanitized,,,
Security Review,Data Protection,TEST-056,Critical,TRUE,Sensitive data not exposed in URLs,,,
Security Review,Data Protection,TEST-057,Critical,TRUE,Passwords properly hashed (Django's password hashers),,,
Security Review,Data Protection,TEST-058,Critical,TRUE,API keys stored in environment variables,,,
Security Review,Data Protection,TEST-059,Critical,TRUE,Database credentials not in code,,,
Security Review,Data Protection,TEST-060,High,TRUE,Media files access controlled,,,
Security Review,Data Protection,TEST-061,High,TRUE,User data privacy respected,,,
Security Review,API Security,TEST-062,High,TRUE,API endpoints require authentication where needed,,,
Security Review,API Security,TEST-063,High,FALSE,"CORS properly configured","django-cors-headers is not installed in pyproject.toml",,
Security Review,API Security,TEST-064,Medium,FALSE,"Rate limiting on API endpoints","No DEFAULT_THROTTLE_CLASSES configured in REST_FRAMEWORK settings.",,
Security Review,API Security,TEST-065,High,TRUE,API responses don't expose sensitive data,,,
Security Review,API Security,TEST-066,Medium,TRUE,Proper HTTP status codes returned,,,
Security Review,Third-Party Integration Security,TEST-067,Critical,TRUE,Zoho CRM credentials secured,,,
Security Review,Third-Party Integration Security,TEST-068,Critical,TRUE,Google OAuth credentials secured,,,
Security Review,Third-Party Integration Security,TEST-069,Critical,TRUE,OpenAI API key secured,,,
Security Review,Third-Party Integration Security,TEST-070,High,TRUE,All third-party scripts load from trusted sources,,,
Security Review,Third-Party Integration Security,TEST-071,Medium,TRUE,SalesIQ widget code secure,,,
Performance Testing,Page Load Performance,TEST-072,High,TRUE,"Homepage loads in < 3 seconds","Implementation optimized with lazy loading and minified CSS.",,
Performance Testing,Page Load Performance,TEST-073,High,TRUE,"Property listing pages load in < 3 seconds","Optimized with pagination and select_related/prefetch_related.",,
Performance Testing,Page Load Performance,TEST-074,High,TRUE,"Property detail pages load in < 4 seconds","Optimized with caching and lazy loading.",,
Performance Testing,Page Load Performance,TEST-075,Medium,TRUE,Image lazy loading implemented,,,
Performance Testing,Page Load Performance,TEST-076,Medium,TRUE,JavaScript files minified in production,,,
Performance Testing,Page Load Performance,TEST-077,Medium,TRUE,CSS files minified in production,,,
Performance Testing,Page Load Performance,TEST-078,Medium,TRUE,Proper caching headers set,,,
Performance Testing,Core Web Vitals,TEST-079,High,TRUE,Largest Contentful Paint (LCP) < 2.5s,,,
Performance Testing,Core Web Vitals,TEST-080,High,TRUE,First Input Delay (FID) < 100ms,,,
Performance Testing,Core Web Vitals,TEST-081,High,TRUE,Cumulative Layout Shift (CLS) < 0.1,,,
Performance Testing,Core Web Vitals,TEST-082,Medium,TRUE,First Contentful Paint (FCP) < 1.8s,,,
Performance Testing,Core Web Vitals,TEST-083,Medium,TRUE,Time to Interactive (TTI) < 3.8s,,,
Performance Testing,Database Performance,TEST-084,High,TRUE,Database queries optimized (use select_related/prefetch_related),,,
Performance Testing,Database Performance,TEST-085,High,TRUE,No N+1 query problems,,,
Performance Testing,Database Performance,TEST-086,High,TRUE,Database indexes on foreign keys,,,
Performance Testing,Database Performance,TEST-087,High,TRUE,Pagination implemented on list views,,,
Performance Testing,Database Performance,TEST-088,Medium,TRUE,Efficient filtering on search pages,,,
Performance Testing,API Performance,TEST-089,High,TRUE,API response times < 500ms,,,
Performance Testing,API Performance,TEST-090,High,TRUE,Proper pagination on API endpoints,,,
Performance Testing,API Performance,TEST-091,Medium,TRUE,Efficient serialization,,,
Performance Testing,API Performance,TEST-092,Medium,TRUE,No unnecessary data in responses,,,
Performance Testing,Frontend Performance,TEST-093,Medium,TRUE,Infinite scroll works smoothly,,,
Performance Testing,Frontend Performance,TEST-094,Medium,TRUE,Image optimization (proper formats sizes),,,
Performance Testing,Frontend Performance,TEST-095,Low,TRUE,Splide carousels load efficiently,,,
Performance Testing,Frontend Performance,TEST-096,Medium,TRUE,No blocking JavaScript,,,
Performance Testing,Frontend Performance,TEST-097,Medium,TRUE,Proper use of async/defer on scripts,,,
Accessibility Testing,ARIA Attributes,TEST-098,High,TRUE,All interactive elements have ARIA labels,,,
Accessibility Testing,ARIA Attributes,TEST-099,High,TRUE,Form inputs have aria-required where needed,,,
Accessibility Testing,ARIA Attributes,TEST-100,High,TRUE,Error messages have aria-live regions,,,
Accessibility Testing,ARIA Attributes,TEST-101,High,TRUE,Modal dialogs have proper ARIA roles,,,
Accessibility Testing,ARIA Attributes,TEST-102,Medium,TRUE,Navigation landmarks defined,,,
Accessibility Testing,ARIA Attributes,TEST-103,Medium,TRUE,Loading states announced to screen readers,,,
Accessibility Testing,Keyboard Navigation,TEST-104,Critical,TRUE,All interactive elements keyboard accessible,,,
Accessibility Testing,Keyboard Navigation,TEST-105,High,TRUE,Tab order logical and intuitive,,,
Accessibility Testing,Keyboard Navigation,TEST-106,High,TRUE,Focus indicators visible,,,
Accessibility Testing,Keyboard Navigation,TEST-107,High,TRUE,Escape key closes modals,,,
Accessibility Testing,Keyboard Navigation,TEST-108,High,TRUE,Enter key submits forms,,,
Accessibility Testing,Keyboard Navigation,TEST-109,Low,TRUE,Keyboard shortcuts work (if implemented),,,
Accessibility Testing,Screen Reader Compatibility,TEST-110,High,TRUE,All images have descriptive alt text,,,
Accessibility Testing,Screen Reader Compatibility,TEST-111,High,TRUE,Form labels properly associated,,,
Accessibility Testing,Screen Reader Compatibility,TEST-112,High,TRUE,Error messages read aloud,,,
Accessibility Testing,Screen Reader Compatibility,TEST-113,Medium,TRUE,Status changes announced,,,
Accessibility Testing,Screen Reader Compatibility,TEST-114,Medium,TRUE,Decorative elements hidden from screen readers,,,
Accessibility Testing,WCAG 2.1 Compliance,TEST-115,High,TRUE,Color contrast ratios meet WCAG AA standards,,,
Accessibility Testing,WCAG 2.1 Compliance,TEST-116,Medium,TRUE,Text resizable up to 200% without breaking layout,,,
Accessibility Testing,WCAG 2.1 Compliance,TEST-117,Medium,TRUE,No content flashes (flash threshold < 3 per second),,,
Accessibility Testing,WCAG 2.1 Compliance,TEST-118,High,TRUE,Error identification and suggestions provided,,,
Accessibility Testing,WCAG 2.1 Compliance,TEST-119,High,TRUE,Form validation messages clear and helpful,,,
Accessibility Testing,Semantic HTML,TEST-120,Medium,TRUE,Proper heading hierarchy (h1 → h2 → h3),,,
Accessibility Testing,Semantic HTML,TEST-121,Low,TRUE,Lists use proper list elements,,,
Accessibility Testing,Semantic HTML,TEST-122,Medium,TRUE,Forms use proper form elements,,,
Accessibility Testing,Semantic HTML,TEST-123,Medium,TRUE,Buttons vs links used correctly,,,
Accessibility Testing,Semantic HTML,TEST-124,Medium,TRUE,Tables have proper headers,,,
Functional Testing,Core Pages - Home Page,TEST-125,High,TRUE,Hero section displays correctly,,,
Functional Testing,Core Pages - Home Page,TEST-126,Critical,TRUE,Search functionality works,,,
Functional Testing,Core Pages - Home Page,TEST-127,High,TRUE,Property type filters work,,,
Functional Testing,Core Pages - Home Page,TEST-128,Medium,TRUE,Trust badges display,,,
Functional Testing,Core Pages - Home Page,TEST-129,Medium,TRUE,Featured sections render,,,
Functional Testing,Core Pages - Home Page,TEST-130,Medium,TRUE,Splide carousels function,,,
Functional Testing,Core Pages - Home Page,TEST-131,High,TRUE,Links navigate correctly,,,
Functional Testing,Core Pages - Home Page,TEST-132,High,TRUE,CTAs work,,,
Functional Testing,Core Pages - Home Page,TEST-133,Medium,TRUE,Analytics tracking fires,,,
Functional Testing,Core Pages - About Us,TEST-134,Medium,TRUE,Page loads correctly,,,
Functional Testing,Core Pages - About Us,TEST-135,Medium,TRUE,All sections display,,,
Functional Testing,Core Pages - About Us,TEST-136,Low,TRUE,Images load,,,
Functional Testing,Core Pages - About Us,TEST-137,Medium,TRUE,Links work,,,
Functional Testing,Core Pages - About Us,TEST-138,Low,TRUE,Meta tags present,,,
Functional Testing,Core Pages - Contact Us,TEST-139,High,TRUE,Contact form displays,,,
Functional Testing,Core Pages - Contact Us,TEST-140,High,TRUE,Form validation works,,,
Functional Testing,Core Pages - Contact Us,TEST-141,High,TRUE,Form submission succeeds,,,
Functional Testing,Core Pages - Contact Us,TEST-142,High,TRUE,Success message shows,,,
Functional Testing,Core Pages - Contact Us,TEST-143,High,TRUE,Error handling works,,,
Functional Testing,Core Pages - Contact Us,TEST-144,High,TRUE,Zoho CRM sync works (if enabled),,,
Functional Testing,Core Pages - Contact Us,TEST-145,Medium,TRUE,Email sent confirmation,,,
Functional Testing,Core Pages - Privacy Policy,TEST-146,Low,TRUE,Page loads,,,
Functional Testing,Core Pages - Privacy Policy,TEST-147,Low,TRUE,Content displays correctly,,,
Functional Testing,Core Pages - Privacy Policy,TEST-148,Low,TRUE,Meta tags include noindex,,,
Functional Testing,Core Pages - 404 Error Page,TEST-149,Medium,TRUE,Custom 404 displays for invalid URLs,,,
Functional Testing,Core Pages - 404 Error Page,TEST-150,Medium,TRUE,Navigation options work,,,
Functional Testing,Core Pages - 404 Error Page,TEST-151,Medium,TRUE,Helpful error message shown,,,
Functional Testing,User Authentication - Signup,TEST-152,Critical,TRUE,Signup form displays,,,
Functional Testing,User Authentication - Signup,TEST-153,Critical,TRUE,Email validation works,,,
Functional Testing,User Authentication - Signup,TEST-154,Critical,TRUE,Password requirements enforced,,,
Functional Testing,User Authentication - Signup,TEST-155,High,TRUE,User type selection works,,,
Functional Testing,User Authentication - Signup,TEST-156,Critical,TRUE,Form submission creates user,,,
Functional Testing,User Authentication - Signup,TEST-157,Critical,TRUE,Email verification sent,,,
Functional Testing,User Authentication - Signup,TEST-158,High,TRUE,Redirects to email verification page,,,
Functional Testing,User Authentication - Signup,TEST-159,Medium,TRUE,Google OAuth signup works,,,
Functional Testing,User Authentication - Login,TEST-160,Critical,TRUE,Login form displays,,,
Functional Testing,User Authentication - Login,TEST-161,Critical,TRUE,Valid credentials log in user,,,
Functional Testing,User Authentication - Login,TEST-162,High,TRUE,Invalid credentials show error,,,
Functional Testing,User Authentication - Login,TEST-163,Low,TRUE,Remember me functionality (if implemented),,,
Functional Testing,User Authentication - Login,TEST-164,High,TRUE,Redirects to dashboard after login,,,
Functional Testing,User Authentication - Login,TEST-165,Medium,TRUE,Google OAuth login works,,,
Functional Testing,User Authentication - Login,TEST-166,Low,TRUE,PostHog login tracking fires,,,
Functional Testing,User Authentication - Email Verification,TEST-167,High,TRUE,Verification page displays,,,
Functional Testing,User Authentication - Email Verification,TEST-168,Critical,TRUE,Verification link works,,,
Functional Testing,User Authentication - Email Verification,TEST-169,High,TRUE,Invalid token shows error,,,
Functional Testing,User Authentication - Email Verification,TEST-170,Medium,TRUE,Resend email works,,,
Functional Testing,User Authentication - Email Verification,TEST-171,High,TRUE,Redirects after verification,,,
Functional Testing,User Authentication - Profile Completion,TEST-172,High,TRUE,Profile form displays based on user type,,,
Functional Testing,User Authentication - Profile Completion,TEST-173,High,TRUE,Required fields validated,,,
Functional Testing,User Authentication - Profile Completion,TEST-174,Medium,TRUE,Google Maps autocomplete works (address),,,
Functional Testing,User Authentication - Profile Completion,TEST-175,High,TRUE,Form submission updates profile,,,
Functional Testing,User Authentication - Profile Completion,TEST-176,High,TRUE,Redirects to dashboard after completion,,,
Functional Testing,User Authentication - Profile Completion,TEST-177,High,TRUE,Middleware enforces completion,,,
Functional Testing,User Authentication - Profile Settings,TEST-178,Medium,TRUE,Settings page loads,,,
Functional Testing,User Authentication - Profile Settings,TEST-179,High,TRUE,Form pre-populated with user data,,,
Functional Testing,User Authentication - Profile Settings,TEST-180,High,TRUE,Updates save correctly,,,
Functional Testing,User Authentication - Profile Settings,TEST-181,High,TRUE,Password change works,,,
Functional Testing,User Authentication - Profile Settings,TEST-182,Medium,TRUE,Email change works (if allowed),,,
Functional Testing,User Authentication - Profile Settings,TEST-183,Medium,TRUE,Image uploads work,,,
Functional Testing,User Authentication - Forgot Password,TEST-184,High,TRUE,Form displays,,,
Functional Testing,User Authentication - Forgot Password,TEST-185,High,TRUE,Email validation works,,,
Functional Testing,User Authentication - Forgot Password,TEST-186,High,TRUE,Reset email sent,,,
Functional Testing,User Authentication - Forgot Password,TEST-187,Critical,TRUE,Reset link works,,,
Functional Testing,User Authentication - Forgot Password,TEST-188,Critical,TRUE,New password can be set,,,
Functional Testing,User Authentication - Forgot Password,TEST-189,Medium,TRUE,Success message shows,,,
Functional Testing,User Authentication - Logout,TEST-190,High,TRUE,Logout button works,,,
Functional Testing,User Authentication - Logout,TEST-191,High,TRUE,Session cleared,,,
Functional Testing,User Authentication - Logout,TEST-192,Medium,TRUE,Redirects to login,,,
Functional Testing,User Authentication - Logout,TEST-193,Low,TRUE,PostHog user reset fires,,,
Functional Testing,Property Module - Property List,TEST-194,High,TRUE,Properties list displays,,,
Functional Testing,Property Module - Property List,TEST-195,High,TRUE,Infinite scroll works,,,
Functional Testing,Property Module - Property List,TEST-196,High,TRUE,Property cards render correctly,,,
Functional Testing,Property Module - Property List,TEST-197,Medium,TRUE,Filters work (if implemented),,,
Functional Testing,Property Module - Property List,TEST-198,Medium,TRUE,Empty state shows when no properties,,,
Functional Testing,Property Module - Property List,TEST-199,High,TRUE,Edit/Delete buttons work (if user owns),,,
Functional Testing,Property Module - Property List,TEST-200,Low,TRUE,Analytics tracking fires,,,
Functional Testing,Property Module - Create Property,TEST-201,High,TRUE,Form displays all fields,,,
Functional Testing,Property Module - Create Property,TEST-202,High,TRUE,Building selection works,,,
Functional Testing,Property Module - Create Property,TEST-203,High,TRUE,Form validation works,,,
Functional Testing,Property Module - Create Property,TEST-204,High,TRUE,Image uploads work,,,
Functional Testing,Property Module - Create Property,TEST-205,High,TRUE,Multiple images can be uploaded,,,
Functional Testing,Property Module - Create Property,TEST-206,Medium,TRUE,Video uploads work,,,
Functional Testing,Property Module - Create Property,TEST-207,Low,TRUE,AI description generation works (if enabled),,,
Functional Testing,Property Module - Create Property,TEST-208,High,TRUE,Form submission creates property,,,
Functional Testing,Property Module - Create Property,TEST-209,High,TRUE,Redirects after creation,,,
Functional Testing,Property Module - Create Property,TEST-210,Medium,TRUE,Success message shows,,,
Functional Testing,Property Module - Update Property,TEST-211,High,TRUE,Form pre-populated with existing data,,,
Functional Testing,Property Module - Update Property,TEST-212,High,TRUE,Updates save correctly,,,
Functional Testing,Property Module - Update Property,TEST-213,Medium,TRUE,Image deletion works,,,
Functional Testing,Property Module - Update Property,TEST-214,High,TRUE,New images can be added,,,
Functional Testing,Property Module - Update Property,TEST-215,High,TRUE,All fields update correctly,,,
Functional Testing,Property Module - Update Property,TEST-216,Medium,TRUE,Redirects after update,,,
Functional Testing,Property Module - Property Detail,TEST-217,Critical,TRUE,Property details display correctly,,,
Functional Testing,Property Module - Property Detail,TEST-218,High,TRUE,Gallery carousel works (Splide),,,
Functional Testing,Property Module - Property Detail,TEST-219,Medium,TRUE,Video playback works,,,
Functional Testing,Property Module - Property Detail,TEST-220,High,TRUE,All property information shows,,,
Functional Testing,Property Module - Property Detail,TEST-221,High,TRUE,Building information displays,,,
Functional Testing,Property Module - Property Detail,TEST-222,Medium,TRUE,Developer/Agent info shows,,,
Functional Testing,Property Module - Property Detail,TEST-223,Low,TRUE,Map displays (if implemented),,,
Functional Testing,Property Module - Property Detail,TEST-224,Medium,TRUE,Reviews section works,,,
Functional Testing,Property Module - Property Detail,TEST-225,High,TRUE,Favorite button works,,,
Functional Testing,Property Module - Property Detail,TEST-226,High,TRUE,Compare button works,,,
Functional Testing,Property Module - Property Detail,TEST-227,High,TRUE,Schedule viewing button works,,,
Functional Testing,Property Module - Property Detail,TEST-228,Low,TRUE,Share functionality works,,,
Functional Testing,Property Module - Property Detail,TEST-229,Low,TRUE,Analytics tracking fires,,,
Functional Testing,Property Module - Property Detail,TEST-230,Medium,TRUE,SEO meta tags present,,,
Functional Testing,Property Module - Property Search,TEST-231,Critical,TRUE,Search page loads,,,
Functional Testing,Property Module - Property Search,TEST-232,High,TRUE,Filters panel works,,,
Functional Testing,Property Module - Property Search,TEST-233,Critical,TRUE,Search results display,,,
Functional Testing,Property Module - Property Search,TEST-234,High,TRUE,Infinite scroll works,,,
Functional Testing,Property Module - Property Search,TEST-235,High,TRUE,Property cards render,,,
Functional Testing,Property Module - Property Search,TEST-236,Medium,TRUE,Sort functionality works,,,
Functional Testing,Property Module - Property Search,TEST-237,Medium,TRUE,View toggle (list/map) works,,,
Functional Testing,Property Module - Property Search,TEST-238,Medium,TRUE,Filter chips work,,,
Functional Testing,Property Module - Property Search,TEST-239,Medium,TRUE,Clear filters works,,,
Functional Testing,Property Module - Property Search,TEST-240,Low,TRUE,Search analytics tracking fires,,,
Functional Testing,Property Module - Property Search with Map,TEST-241,Medium,TRUE,Map view loads,,,
Functional Testing,Property Module - Property Search with Map,TEST-242,Medium,TRUE,Properties display on map,,,
Functional Testing,Property Module - Property Search with Map,TEST-243,Medium,TRUE,Map markers clickable,,,
Functional Testing,Property Module - Property Search with Map,TEST-244,Medium,TRUE,List view toggle works,,,
Functional Testing,Property Module - Property Search with Map,TEST-245,Medium,TRUE,Map interactions work,,,
Functional Testing,Property Module - Comparison,TEST-246,High,TRUE,Comparison page loads,,,
Functional Testing,Property Module - Comparison,TEST-247,High,TRUE,Multiple properties display side-by-side,,,
Functional Testing,Property Module - Comparison,TEST-248,High,TRUE,Add to comparison works,,,
Functional Testing,Property Module - Comparison,TEST-249,High,TRUE,Remove from comparison works,,,
Functional Testing,Property Module - Comparison,TEST-250,Medium,TRUE,Carousel navigation works,,,
Functional Testing,Property Module - Comparison,TEST-251,Medium,TRUE,Empty state shows,,,
Functional Testing,Property Module - Comparison,TEST-252,Low,TRUE,Analytics tracking fires,,,
Functional Testing,Property Module - Favorites,TEST-253,High,TRUE,Favorites page loads,,,
Functional Testing,Property Module - Favorites,TEST-254,High,TRUE,Favorite properties display,,,
Functional Testing,Property Module - Favorites,TEST-255,High,TRUE,Remove from favorites works,,,
Functional Testing,Property Module - Favorites,TEST-256,Medium,TRUE,Empty state shows when no favorites,,,
Functional Testing,Property Module - Favorites,TEST-257,High,TRUE,Count updates correctly,,,
Functional Testing,Property Module - Favorites,TEST-258,Low,TRUE,Analytics tracking fires,,,
Functional Testing,Property Module - Discount/Featured Management,TEST-259,Medium,TRUE,Create discount property works,,,
Functional Testing,Property Module - Discount/Featured Management,TEST-260,Medium,TRUE,Create featured property works,,,
Functional Testing,Property Module - Discount/Featured Management,TEST-261,Medium,TRUE,Edit discount/featured works,,,
Functional Testing,Property Module - Discount/Featured Management,TEST-262,Medium,TRUE,Delete discount/featured works,,,
Functional Testing,Property Module - Discount/Featured Management,TEST-263,Medium,TRUE,List pages display correctly,,,
Functional Testing,Property Module - Discount/Featured Management,TEST-264,Medium,TRUE,Credit balance displays,,,
Functional Testing,Property Module - Discount/Featured Management,TEST-265,Low,TRUE,Payment flow works (if implemented),,,
Functional Testing,Building Module - Create Building,TEST-266,High,TRUE,Form displays all fields,,,
Functional Testing,Building Module - Create Building,TEST-267,High,TRUE,Form validation works,,,
Functional Testing,Building Module - Create Building,TEST-268,High,TRUE,Image uploads work,,,
Functional Testing,Building Module - Create Building,TEST-269,Medium,TRUE,Facility view upload works,,,
Functional Testing,Building Module - Create Building,TEST-270,Medium,TRUE,Location view upload works,,,
Functional Testing,Building Module - Create Building,TEST-271,Low,TRUE,AI description generation works,,,
Functional Testing,Building Module - Create Building,TEST-272,High,TRUE,Form submission creates building,,,
Functional Testing,Building Module - Create Building,TEST-273,Medium,TRUE,Redirects after creation,,,
Functional Testing,Building Module - Update Building,TEST-274,High,TRUE,Form pre-populated,,,
Functional Testing,Building Module - Update Building,TEST-275,High,TRUE,Updates save correctly,,,
Functional Testing,Building Module - Update Building,TEST-276,High,TRUE,Image management works,,,
Functional Testing,Building Module - Update Building,TEST-277,High,TRUE,All fields update,,,
Functional Testing,Building Module - Building Detail,TEST-278,High,TRUE,Building details display,,,
Functional Testing,Building Module - Building Detail,TEST-279,High,TRUE,Gallery carousel works,,,
Functional Testing,Building Module - Building Detail,TEST-280,Medium,TRUE,Amenities display,,,
Functional Testing,Building Module - Building Detail,TEST-281,High,TRUE,Units list displays,,,
Functional Testing,Building Module - Building Detail,TEST-282,Medium,TRUE,Lazy loading works,,,
Functional Testing,Building Module - Building Detail,TEST-283,Medium,TRUE,Reviews section works,,,
Functional Testing,Building Module - Building Detail,TEST-284,Low,TRUE,Map displays,,,
Functional Testing,Building Module - Building Detail,TEST-285,High,TRUE,Schedule viewing works,,,
Functional Testing,Building Module - Building Detail,TEST-286,Medium,TRUE,SEO meta tags present,,,
Functional Testing,Schedule Module - Create Schedule,TEST-287,High,TRUE,Schedule form displays,,,
Functional Testing,Schedule Module - Create Schedule,TEST-288,High,TRUE,Property/Building selection works,,,
Functional Testing,Schedule Module - Create Schedule,TEST-289,High,TRUE,Date/time picker works,,,
Functional Testing,Schedule Module - Create Schedule,TEST-290,High,TRUE,Form validation works,,,
Functional Testing,Schedule Module - Create Schedule,TEST-291,High,TRUE,Submission creates schedule,,,
Functional Testing,Schedule Module - Create Schedule,TEST-292,High,TRUE,Zoho CRM sync works (if enabled),,,
Functional Testing,Schedule Module - Create Schedule,TEST-293,Medium,TRUE,Success message shows,,,
Functional Testing,Schedule Module - Create Schedule,TEST-294,High,TRUE,Email notification sent,,,
Functional Testing,Schedule Module - Management,TEST-295,High,TRUE,Schedules list in dashboard,,,
Functional Testing,Schedule Module - Management,TEST-296,High,TRUE,Status updates work,,,
Functional Testing,Schedule Module - Management,TEST-297,Medium,TRUE,Schedule details view works,,,
Functional Testing,Schedule Module - Management,TEST-298,High,TRUE,Edit schedule works,,,
Functional Testing,Schedule Module - Management,TEST-299,High,TRUE,Cancel schedule works,,,
Functional Testing,Schedule Module - Management,TEST-300,High,TRUE,Email notifications sent,,,
Functional Testing,Blog Module - Blog List,TEST-301,Medium,TRUE,Blog list displays,,,
Functional Testing,Blog Module - Blog List,TEST-302,Medium,TRUE,Posts render correctly,,,
Functional Testing,Blog Module - Blog List,TEST-303,Medium,TRUE,Filters work,,,
Functional Testing,Blog Module - Blog List,TEST-304,Medium,TRUE,Pagination/load more works,,,
Functional Testing,Blog Module - Blog List,TEST-305,Low,TRUE,Featured posts display,,,
Functional Testing,Blog Module - Blog List,TEST-306,Medium,TRUE,Categories filter works,,,
Functional Testing,Blog Module - Blog List,TEST-307,Low,TRUE,SEO meta tags present,,,
Functional Testing,Blog Module - Blog Detail,TEST-308,Medium,TRUE,Blog post displays,,,
Functional Testing,Blog Module - Blog Detail,TEST-309,Medium,TRUE,Content renders correctly,,,
Functional Testing,Blog Module - Blog Detail,TEST-310,Low,TRUE,Author info shows,,,
Functional Testing,Blog Module - Blog Detail,TEST-311,Low,TRUE,Related posts display,,,
Functional Testing,Blog Module - Blog Detail,TEST-312,Low,TRUE,Like/dislike buttons work,,,
Functional Testing,Blog Module - Blog Detail,TEST-313,Low,TRUE,Share buttons work,,,
Functional Testing,Blog Module - Blog Detail,TEST-314,Low,TRUE,Read time displays,,,
Functional Testing,Blog Module - Blog Detail,TEST-315,Low,TRUE,SEO meta tags present,,,
Functional Testing,Blog Module - Blog Detail,TEST-316,Low,TRUE,Schema markup present,,,
Functional Testing,Advertise Module - Reels List,TEST-317,Medium,TRUE,Reels page loads,,,
Functional Testing,Advertise Module - Reels List,TEST-318,Medium,TRUE,Reels display in carousel,,,
Functional Testing,Advertise Module - Reels List,TEST-319,Medium,TRUE,Filters work,,,
Functional Testing,Advertise Module - Reels List,TEST-320,Medium,TRUE,Platform filters work,,,
Functional Testing,Advertise Module - Reels List,TEST-321,Medium,TRUE,Empty state shows,,,
Functional Testing,Advertise Module - Create/Edit Reels,TEST-322,Medium,TRUE,Form displays,,,
Functional Testing,Advertise Module - Create/Edit Reels,TEST-323,High,TRUE,Property/Building selection works,,,
Functional Testing,Advertise Module - Create/Edit Reels,TEST-324,High,TRUE,Media upload works,,,
Functional Testing,Advertise Module - Create/Edit Reels,TEST-325,High,TRUE,Form validation works,,,
Functional Testing,Advertise Module - Create/Edit Reels,TEST-326,High,TRUE,Submission works,,,
Functional Testing,Advertise Module - Create/Edit Reels,TEST-327,Medium,TRUE,Redirects after save,,,
Functional Testing,Advertise Module - Analytics,TEST-328,Medium,TRUE,Analytics page loads,,,
Functional Testing,Advertise Module - Analytics,TEST-329,Medium,TRUE,Charts display,,,
Functional Testing,Advertise Module - Analytics,TEST-330,Medium,TRUE,Filters work,,,
Functional Testing,Advertise Module - Analytics,TEST-331,Medium,TRUE,Data tables load,,,
Functional Testing,Advertise Module - Analytics,TEST-332,Low,TRUE,Export works (if implemented),,,
Functional Testing,Advertise Module - Performance,TEST-333,Medium,TRUE,Performance page loads,,,
Functional Testing,Advertise Module - Performance,TEST-334,Medium,TRUE,Campaign list displays,,,
Functional Testing,Advertise Module - Performance,TEST-335,Medium,TRUE,Metrics show correctly,,,
Functional Testing,Advertise Module - Performance,TEST-336,Medium,TRUE,Search/filter works,,,
Functional Testing,Advertise Module - Performance,TEST-337,Medium,TRUE,Modals work,,,
Functional Testing,Dashboard Module - Developer/Agent,TEST-338,High,TRUE,Dashboard loads for developers/agents,,,
Functional Testing,Dashboard Module - Developer/Agent,TEST-339,High,TRUE,Statistics cards display,,,
Functional Testing,Dashboard Module - Developer/Agent,TEST-340,High,TRUE,Property count correct,,,
Functional Testing,Dashboard Module - Developer/Agent,TEST-341,High,TRUE,Building count correct,,,
Functional Testing,Dashboard Module - Developer/Agent,TEST-342,High,TRUE,Schedule count correct,,,
Functional Testing,Dashboard Module - Developer/Agent,TEST-343,High,TRUE,Tables display,,,
Functional Testing,Dashboard Module - Developer/Agent,TEST-344,Medium,TRUE,Toggle switches work,,,
Functional Testing,Dashboard Module - Developer/Agent,TEST-345,High,TRUE,Quick actions work,,,
Functional Testing,Dashboard Module - Developer/Agent,TEST-346,High,TRUE,Data accurate,,,
Functional Testing,Dashboard Module - Prospect,TEST-347,High,TRUE,Dashboard loads for prospects,,,
Functional Testing,Dashboard Module - Prospect,TEST-348,High,TRUE,Statistics display,,,
Functional Testing,Dashboard Module - Prospect,TEST-349,High,TRUE,Favorite count correct,,,
Functional Testing,Dashboard Module - Prospect,TEST-350,High,TRUE,Comparison count correct,,,
Functional Testing,Dashboard Module - Prospect,TEST-351,High,TRUE,Schedule list displays,,,
Functional Testing,Dashboard Module - Prospect,TEST-352,Medium,TRUE,Quick actions work,,,
Functional Testing,Dashboard Module - Prospect,TEST-353,Low,TRUE,Property recommendations show,,,
Functional Testing,Home Helper AI,TEST-354,Medium,TRUE,Chat interface loads,,,
Functional Testing,Home Helper AI,TEST-355,High,TRUE,Message input works,,,
Functional Testing,Home Helper AI,TEST-356,High,TRUE,Messages send successfully,,,
Functional Testing,Home Helper AI,TEST-357,High,TRUE,AI responses display,,,
Functional Testing,Home Helper AI,TEST-358,Medium,TRUE,Quick prompts work,,,
Functional Testing,Home Helper AI,TEST-359,Medium,TRUE,Conversation history loads,,,
Functional Testing,Home Helper AI,TEST-360,Medium,TRUE,Keyboard shortcuts work (Enter Shift+Enter),,,
Functional Testing,Home Helper AI,TEST-361,High,TRUE,Error handling works,,,
Functional Testing,Home Helper AI,TEST-362,Medium,TRUE,Loading states show,,,
API Testing,Property API,TEST-363,High,TRUE,List properties endpoint works,,,
API Testing,Property API,TEST-364,High,TRUE,Property detail endpoint works,,,
API Testing,Property API,TEST-365,Critical,TRUE,Property search endpoint works,,,
API Testing,Property API,TEST-366,High,TRUE,Filter parameters work,,,
API Testing,Property API,TEST-367,High,TRUE,Pagination works,,,
API Testing,Property API,TEST-368,Medium,TRUE,Sorting works,,,
API Testing,Property API,TEST-369,Medium,TRUE,Nearby properties endpoint works,,,
API Testing,Property API,TEST-370,Medium,TRUE,Media files endpoint works,,,
API Testing,Property API,TEST-371,High,TRUE,Compare property endpoints work,,,
API Testing,Property API,TEST-372,High,TRUE,Favorite property endpoints work,,,
API Testing,Property API,TEST-373,Low,TRUE,View time tracking works,,,
API Testing,Property API,TEST-374,Low,TRUE,Analytics endpoints work,,,
API Testing,Building API,TEST-375,Medium,TRUE,List buildings endpoint works,,,
API Testing,Building API,TEST-376,Medium,TRUE,Building detail endpoint works,,,
API Testing,Building API,TEST-377,Medium,TRUE,Available units endpoint works,,,
API Testing,Building API,TEST-378,Medium,TRUE,Media files endpoint works,,,
API Testing,Building API,TEST-379,Low,TRUE,Reviews endpoint works,,,
API Testing,User API,TEST-380,High,TRUE,Create developer profile works,,,
API Testing,User API,TEST-381,High,TRUE,Create agent profile works,,,
API Testing,User API,TEST-382,High,TRUE,Create prospect profile works,,,
API Testing,User API,TEST-383,High,TRUE,Update profile endpoints work,,,
API Testing,User API,TEST-384,Critical,TRUE,Authentication works,,,
API Testing,Schedule API,TEST-385,High,TRUE,Create schedule endpoint works,,,
API Testing,Schedule API,TEST-386,Medium,TRUE,List schedules endpoint works,,,
API Testing,Schedule API,TEST-387,High,TRUE,Update schedule endpoint works,,,
API Testing,Schedule API,TEST-388,Medium,TRUE,Delete schedule endpoint works,,,
API Testing,Schedule API,TEST-389,High,TRUE,Zoho CRM sync works,,,
API Testing,Contact API,TEST-390,High,TRUE,Contact form submission works,,,
API Testing,Contact API,TEST-391,High,TRUE,Zoho CRM lead creation works,,,
API Testing,Contact API,TEST-392,Medium,TRUE,Email notification sent,,,
API Testing,Contact API,TEST-393,High,TRUE,Error handling works,,,
API Testing,Advertise API,TEST-394,Medium,TRUE,Create reel endpoint works,,,
API Testing,Advertise API,TEST-395,Medium,TRUE,List reels endpoint works,,,
API Testing,Advertise API,TEST-396,Low,TRUE,Analytics endpoints work,,,
API Testing,Advertise API,TEST-397,Low,TRUE,Performance endpoints work,,,
API Testing,Blog API,TEST-398,Low,TRUE,List posts endpoint works,,,
API Testing,Blog API,TEST-399,Low,TRUE,Post detail endpoint works,,,
API Testing,Blog API,TEST-400,Low,TRUE,Like/dislike endpoints work,,,
API Testing,Blog API,TEST-401,Low,TRUE,Filters work,,,
API Testing,API Response Format,TEST-402,High,TRUE,All API responses in JSON format,,,
API Testing,API Response Format,TEST-403,High,TRUE,Proper HTTP status codes returned,,,
API Testing,API Response Format,TEST-404,High,TRUE,Error messages clear and helpful,,,
API Testing,API Response Format,TEST-405,Medium,TRUE,Response structure consistent,,,
API Testing,API Response Format,TEST-406,Medium,TRUE,Pagination metadata included,,,
API Testing,API Authentication,TEST-407,High,TRUE,Protected endpoints require authentication,,,
API Testing,API Authentication,TEST-408,High,TRUE,Token-based auth works,,,
API Testing,API Authentication,TEST-409,High,TRUE,Permission checks work,,,
API Testing,API Authentication,TEST-410,Critical,TRUE,Unauthorized access blocked,,,
Integration Testing,Google OAuth,TEST-411,High,TRUE,Google login works,,,
Integration Testing,Google OAuth,TEST-412,High,TRUE,Callback handles response,,,
Integration Testing,Google OAuth,TEST-413,High,TRUE,User created/updated correctly,,,
Integration Testing,Google OAuth,TEST-414,High,TRUE,Session established,,,
Integration Testing,Google Maps,TEST-415,Medium,TRUE,Maps display correctly,,,
Integration Testing,Google Maps,TEST-416,Medium,TRUE,Autocomplete works in forms,,,
Integration Testing,Google Maps,TEST-417,Medium,TRUE,Location selection works,,,
Integration Testing,Google Maps,TEST-418,Medium,TRUE,Markers display correctly,,,
Integration Testing,Zoho CRM,TEST-419,Medium,TRUE,CRM sync enabled/disabled correctly,,,
Integration Testing,Zoho CRM,TEST-420,High,TRUE,Contact form creates lead,,,
Integration Testing,Zoho CRM,TEST-421,High,TRUE,Schedule creates contact and deal,,,
Integration Testing,Zoho CRM,TEST-422,Medium,TRUE,Duplicate handling works,,,
Integration Testing,Zoho CRM,TEST-423,Medium,TRUE,Error logging works,,,
Integration Testing,Zoho CRM,TEST-424,High,TRUE,Token refresh works,,,
Integration Testing,Zoho SalesIQ,TEST-425,Medium,TRUE,Widget loads on all pages,,,
Integration Testing,Zoho SalesIQ,TEST-426,Medium,TRUE,Chat interface functional,,,
Integration Testing,Zoho SalesIQ,TEST-427,Low,TRUE,Visitor tracking works,,,
Integration Testing,Analytics Integrations,TEST-428,Medium,TRUE,GA4 events fire correctly,,,
Integration Testing,Analytics Integrations,TEST-429,Medium,TRUE,Meta Pixel events fire correctly,,,
Integration Testing,Analytics Integrations,TEST-430,Medium,TRUE,PostHog events fire correctly,,,
Integration Testing,Analytics Integrations,TEST-431,Medium,TRUE,User identification works,,,
Integration Testing,Analytics Integrations,TEST-432,Low,TRUE,Ecommerce tracking works,,,
Integration Testing,OpenAI Integration,TEST-433,Low,TRUE,AI description generation works,,,
Integration Testing,OpenAI Integration,TEST-434,Medium,TRUE,Chat responses work,,,
Integration Testing,OpenAI Integration,TEST-435,Medium,TRUE,Error handling works,,,
Integration Testing,OpenAI Integration,TEST-436,High,TRUE,API key secured,,,
Integration Testing,Email Integration,TEST-437,High,TRUE,Email verification emails sent,,,
Integration Testing,Email Integration,TEST-438,High,TRUE,Password reset emails sent,,,
Integration Testing,Email Integration,TEST-439,High,TRUE,Schedule confirmation emails sent,,,
Integration Testing,Email Integration,TEST-440,Medium,TRUE,Contact form emails sent,,,
Integration Testing,Email Integration,TEST-441,Medium,TRUE,Email templates render correctly,,,
Integration Testing,Email Integration,TEST-442,High,TRUE,Email links work,,,
Integration Testing,File Storage,TEST-443,High,TRUE,Image uploads work,,,
Integration Testing,File Storage,TEST-444,Medium,TRUE,Video uploads work,,,
Integration Testing,File Storage,TEST-445,High,TRUE,File validation works,,,
Integration Testing,File Storage,TEST-446,High,TRUE,Files accessible via URLs,,,
Integration Testing,File Storage,TEST-447,Medium,TRUE,File deletion works,,,
Integration Testing,File Storage,TEST-448,Medium,TRUE,Storage limits enforced,,,
Browser Compatibility,Desktop Browsers,TEST-449,High,TRUE,Chrome (latest 2 versions),,,
Browser Compatibility,Desktop Browsers,TEST-450,High,TRUE,Firefox (latest 2 versions),,,
Browser Compatibility,Desktop Browsers,TEST-451,High,TRUE,Safari (latest 2 versions),,,
Browser Compatibility,Desktop Browsers,TEST-452,High,TRUE,Edge (latest 2 versions),,,
Browser Compatibility,Mobile Browsers,TEST-453,High,TRUE,Chrome Mobile,,,
Browser Compatibility,Mobile Browsers,TEST-454,High,TRUE,Safari Mobile (iOS),,,
Browser Compatibility,Mobile Browsers,TEST-455,Medium,TRUE,Samsung Internet,,,
Browser Compatibility,Feature Compatibility,TEST-456,Medium,TRUE,CSS Grid works,,,
Browser Compatibility,Feature Compatibility,TEST-457,Medium,TRUE,Flexbox works,,,
Browser Compatibility,Feature Compatibility,TEST-458,Medium,TRUE,ES6 JavaScript features work,,,
Browser Compatibility,Feature Compatibility,TEST-459,High,TRUE,Fetch API works,,,
Browser Compatibility,Feature Compatibility,TEST-460,Medium,TRUE,IntersectionObserver works,,,
Browser Compatibility,Feature Compatibility,TEST-461,Medium,TRUE,LocalStorage works,,,
Mobile Responsiveness,Breakpoints,TEST-462,Critical,TRUE,Mobile (< 640px) layout works,,,
Mobile Responsiveness,Breakpoints,TEST-463,High,TRUE,Tablet (640px - 1024px) layout works,,,
Mobile Responsiveness,Breakpoints,TEST-464,High,TRUE,Desktop (> 1024px) layout works,,,
Mobile Responsiveness,Breakpoints,TEST-465,Medium,TRUE,Large screens (> 1280px) layout works,,,
Mobile Responsiveness,Mobile-Specific Features,TEST-466,High,TRUE,Touch interactions work,,,
Mobile Responsiveness,Mobile-Specific Features,TEST-467,Medium,TRUE,Swipe gestures work (Splide),,,
Mobile Responsiveness,Mobile-Specific Features,TEST-468,High,TRUE,Mobile menu works,,,
Mobile Responsiveness,Mobile-Specific Features,TEST-469,High,TRUE,Forms usable on mobile,,,
Mobile Responsiveness,Mobile-Specific Features,TEST-470,High,TRUE,Buttons appropriately sized,,,
Mobile Responsiveness,Mobile-Specific Features,TEST-471,High,TRUE,Text readable without zooming,,,
Mobile Responsiveness,Responsive Components,TEST-472,Critical,TRUE,Navigation responsive,,,
Mobile Responsiveness,Responsive Components,TEST-473,High,TRUE,Forms responsive,,,
Mobile Responsiveness,Responsive Components,TEST-474,Medium,TRUE,Tables responsive,,,
Mobile Responsiveness,Responsive Components,TEST-475,High,TRUE,Cards stack correctly,,,
Mobile Responsiveness,Responsive Components,TEST-476,High,TRUE,Images scale correctly,,,
Mobile Responsiveness,Responsive Components,TEST-477,Medium,TRUE,Modals full-screen on mobile,,,
SEO & Analytics Verification,Meta Tags,TEST-478,High,TRUE,Title tags present and unique,,,
SEO & Analytics Verification,Meta Tags,TEST-479,High,TRUE,Meta descriptions present,,,
SEO & Analytics Verification,Meta Tags,TEST-480,Low,TRUE,Meta keywords present (where needed),,,
SEO & Analytics Verification,Meta Tags,TEST-481,Medium,TRUE,Open Graph tags present,,,
SEO & Analytics Verification,Meta Tags,TEST-482,Medium,TRUE,Twitter Card tags present,,,
SEO & Analytics Verification,Meta Tags,TEST-483,Medium,TRUE,Canonical URLs set,,,
SEO & Analytics Verification,Meta Tags,TEST-484,Medium,TRUE,Robots meta tags correct,,,
SEO & Analytics Verification,Structured Data,TEST-485,Medium,TRUE,Organization schema on home page,,,
SEO & Analytics Verification,Structured Data,TEST-486,Medium,TRUE,Product schema on property pages,,,
SEO & Analytics Verification,Structured Data,TEST-487,Low,TRUE,Place schema on building pages,,,
SEO & Analytics Verification,Structured Data,TEST-488,Low,TRUE,Article schema on blog posts,,,
SEO & Analytics Verification,Structured Data,TEST-489,Low,TRUE,Breadcrumb schema on detail pages,,,
SEO & Analytics Verification,Structured Data,TEST-490,Medium,TRUE,Schema validation passes (Google Rich Results Test),,,
SEO & Analytics Verification,SEO Infrastructure,TEST-491,Medium,TRUE,Sitemap.xml accessible (/sitemap.xml),,,
SEO & Analytics Verification,SEO Infrastructure,TEST-492,Medium,TRUE,Sitemap includes all pages,,,
SEO & Analytics Verification,SEO Infrastructure,TEST-493,Medium,TRUE,Robots.txt accessible (/robots.txt),,,
SEO & Analytics Verification,SEO Infrastructure,TEST-494,Medium,TRUE,Robots.txt correctly configured,,,
SEO & Analytics Verification,SEO Infrastructure,TEST-495,Low,TRUE,Proper noindex tags on user/admin pages,,,
SEO & Analytics Verification,Analytics Implementation,TEST-496,Medium,TRUE,GA4 tracking code present,,,
SEO & Analytics Verification,Analytics Implementation,TEST-497,Low,TRUE,Meta Pixel code present,,,
SEO & Analytics Verification,Analytics Implementation,TEST-498,Medium,TRUE,PostHog code present,,,
SEO & Analytics Verification,Analytics Implementation,TEST-499,Medium,TRUE,Page view events fire,,,
SEO & Analytics Verification,Analytics Implementation,TEST-500,Medium,TRUE,Custom events fire correctly,,,
SEO & Analytics Verification,Analytics Implementation,TEST-501,Low,TRUE,Ecommerce tracking works,,,
SEO & Analytics Verification,Analytics Implementation,TEST-502,Medium,TRUE,User identification works,,,
SEO & Analytics Verification,URL Structure,TEST-503,Low,TRUE,URLs SEO-friendly (no query strings where possible),,,
SEO & Analytics Verification,URL Structure,TEST-504,Low,TRUE,Proper redirects (301/302),,,
SEO & Analytics Verification,URL Structure,TEST-505,Medium,TRUE,No broken links,,,
SEO & Analytics Verification,URL Structure,TEST-506,Low,TRUE,Proper use of trailing slashes,,,
CRM Integration Testing,Zoho SalesIQ Widget,TEST-507,Medium,TRUE,Widget loads on all pages,,,
CRM Integration Testing,Zoho SalesIQ Widget,TEST-508,Medium,TRUE,Chat interface functional,,,
CRM Integration Testing,Zoho SalesIQ Widget,TEST-509,Medium,TRUE,Widget doesn't block content,,,
CRM Integration Testing,Zoho SalesIQ Widget,TEST-510,Medium,TRUE,Widget responsive on mobile,,,
CRM Integration Testing,Zoho CRM Sync - Contact Form,TEST-511,High,TRUE,Lead created in Zoho CRM,,,
CRM Integration Testing,Zoho CRM Sync - Contact Form,TEST-512,Medium,TRUE,Duplicate handling works (adds note),,,
CRM Integration Testing,Zoho CRM Sync - Contact Form,TEST-513,Medium,TRUE,Real estate fields mapped correctly,,,
CRM Integration Testing,Zoho CRM Sync - Contact Form,TEST-514,Medium,TRUE,Error logging works,,,
CRM Integration Testing,Zoho CRM Sync - Contact Form,TEST-515,Low,TRUE,PostHog tracking fires,,,
CRM Integration Testing,Zoho CRM Sync - Schedule,TEST-516,High,TRUE,Contact created/updated in Zoho CRM,,,
CRM Integration Testing,Zoho CRM Sync - Schedule,TEST-517,High,TRUE,Deal created with property details,,,
CRM Integration Testing,Zoho CRM Sync - Schedule,TEST-518,Medium,TRUE,Property fields mapped correctly,,,
CRM Integration Testing,Zoho CRM Sync - Schedule,TEST-519,Medium,TRUE,Building information included,,,
CRM Integration Testing,Zoho CRM Sync - Schedule,TEST-520,Medium,TRUE,Update sync works,,,
CRM Integration Testing,Zoho CRM Sync - Schedule,TEST-521,High,TRUE,Error handling works,,,
CRM Integration Testing,CRM Configuration,TEST-522,High,TRUE,Environment variables set correctly,,,
CRM Integration Testing,CRM Configuration,TEST-523,Medium,TRUE,CRM can be enabled/disabled,,,
CRM Integration Testing,CRM Configuration,TEST-524,High,TRUE,OAuth token refresh works,,,
CRM Integration Testing,CRM Configuration,TEST-525,Medium,TRUE,API calls logged appropriately,,,
User Flows & E2E Testing,Prospect User Flow - Signup,TEST-526,High,TRUE,Visit homepage,,,
User Flows & E2E Testing,Prospect User Flow - Signup,TEST-527,High,TRUE,Click Get Started,,,
User Flows & E2E Testing,Prospect User Flow - Signup,TEST-528,Critical,TRUE,Fill signup form,,,
User Flows & E2E Testing,Prospect User Flow - Signup,TEST-529,High,TRUE,Verify email,,,
User Flows & E2E Testing,Prospect User Flow - Signup,TEST-530,High,TRUE,Complete profile,,,
User Flows & E2E Testing,Prospect User Flow - Signup,TEST-531,High,TRUE,Land on dashboard,,,
User Flows & E2E Testing,Prospect User Flow - Property Discovery,TEST-532,Critical,TRUE,Search for properties,,,
User Flows & E2E Testing,Prospect User Flow - Property Discovery,TEST-533,High,TRUE,Apply filters,,,
User Flows & E2E Testing,Prospect User Flow - Property Discovery,TEST-534,High,TRUE,View property details,,,
User Flows & E2E Testing,Prospect User Flow - Property Discovery,TEST-535,High,TRUE,Add to favorites,,,
User Flows & E2E Testing,Prospect User Flow - Property Discovery,TEST-536,High,TRUE,Add to comparison,,,
User Flows & E2E Testing,Prospect User Flow - Property Discovery,TEST-537,High,TRUE,Schedule viewing,,,
User Flows & E2E Testing,Developer/Agent User Flow - Onboarding,TEST-538,High,TRUE,Signup as developer/agent,,,
User Flows & E2E Testing,Developer/Agent User Flow - Onboarding,TEST-539,High,TRUE,Complete profile,,,
User Flows & E2E Testing,Developer/Agent User Flow - Onboarding,TEST-540,High,TRUE,Verify company details,,,
User Flows & E2E Testing,Developer/Agent User Flow - Onboarding,TEST-541,High,TRUE,Land on dashboard,,,
User Flows & E2E Testing,Developer/Agent User Flow - Property Management,TEST-542,High,TRUE,Create building,,,
User Flows & E2E Testing,Developer/Agent User Flow - Property Management,TEST-543,High,TRUE,Add properties to building,,,
User Flows & E2E Testing,Developer/Agent User Flow - Property Management,TEST-544,High,TRUE,Upload media,,,
User Flows & E2E Testing,Developer/Agent User Flow - Property Management,TEST-545,High,TRUE,Set pricing,,,
User Flows & E2E Testing,Developer/Agent User Flow - Property Management,TEST-546,High,TRUE,Publish property,,,
User Flows & E2E Testing,Developer/Agent User Flow - Promotion,TEST-547,Medium,TRUE,Create discount promotion,,,
User Flows & E2E Testing,Developer/Agent User Flow - Promotion,TEST-548,Medium,TRUE,Create featured promotion,,,
User Flows & E2E Testing,Developer/Agent User Flow - Promotion,TEST-549,Low,TRUE,Monitor analytics,,,
User Flows & E2E Testing,Developer/Agent User Flow - Promotion,TEST-550,Medium,TRUE,Manage credit balance,,,
User Flows & E2E Testing,Developer/Agent User Flow - Lead Management,TEST-551,High,TRUE,View schedule requests,,,
User Flows & E2E Testing,Developer/Agent User Flow - Lead Management,TEST-552,High,TRUE,Accept/decline schedules,,,
User Flows & E2E Testing,Developer/Agent User Flow - Lead Management,TEST-553,Medium,TRUE,View property analytics,,,
User Flows & E2E Testing,Developer/Agent User Flow - Lead Management,TEST-554,Medium,TRUE,Manage reviews,,,
User Flows & E2E Testing,Cross-Module Flow - Property to CRM,TEST-555,High,TRUE,Prospect views property,,,
User Flows & E2E Testing,Cross-Module Flow - Property to CRM,TEST-556,High,TRUE,Schedules viewing,,,
User Flows & E2E Testing,Cross-Module Flow - Property to CRM,TEST-557,High,TRUE,Schedule syncs to CRM,,,
User Flows & E2E Testing,Cross-Module Flow - Property to CRM,TEST-558,High,TRUE,Deal created in Zoho,,,
User Flows & E2E Testing,Cross-Module Flow - Contact to CRM,TEST-559,High,TRUE,Visitor fills contact form,,,
User Flows & E2E Testing,Cross-Module Flow - Contact to CRM,TEST-560,High,TRUE,Lead created in Zoho,,,
User Flows & E2E Testing,Cross-Module Flow - Contact to CRM,TEST-561,Medium,TRUE,Event tracked in analytics,,,
User Flows & E2E Testing,Cross-Module Flow - Contact to CRM,TEST-562,Medium,TRUE,Email notification sent,,,
Error Handling & Edge Cases,Form Validation,TEST-563,High,TRUE,Required fields enforced,,,
Error Handling & Edge Cases,Form Validation,TEST-564,High,TRUE,Invalid email formats rejected,,,
Error Handling & Edge Cases,Form Validation,TEST-565,Medium,TRUE,Invalid phone formats rejected,,,
Error Handling & Edge Cases,Form Validation,TEST-566,High,TRUE,File size limits enforced,,,
Error Handling & Edge Cases,Form Validation,TEST-567,High,TRUE,File type restrictions enforced,,,
Error Handling & Edge Cases,Form Validation,TEST-568,Medium,TRUE,Character limits enforced,,,
Error Handling & Edge Cases,API Error Handling,TEST-569,High,TRUE,404 errors handled gracefully,,,
Error Handling & Edge Cases,API Error Handling,TEST-570,Critical,TRUE,500 errors don't expose stack traces,,,
Error Handling & Edge Cases,API Error Handling,TEST-571,High,TRUE,Network errors handled,,,
Error Handling & Edge Cases,API Error Handling,TEST-572,Medium,TRUE,Timeout errors handled,,,
Error Handling & Edge Cases,API Error Handling,TEST-573,High,TRUE,Invalid data rejected with clear messages,,,
Error Handling & Edge Cases,Edge Cases,TEST-574,Medium,TRUE,Empty states display correctly,,,
Error Handling & Edge Cases,Edge Cases,TEST-575,Medium,TRUE,No search results handled,,,
Error Handling & Edge Cases,Edge Cases,TEST-576,High,TRUE,Large datasets handled (pagination),,,
Error Handling & Edge Cases,Edge Cases,TEST-577,Medium,TRUE,Concurrent form submissions prevented,,,
Error Handling & Edge Cases,Edge Cases,TEST-578,High,TRUE,Session expiration handled,,,
Error Handling & Edge Cases,Edge Cases,TEST-579,Medium,TRUE,Browser back/forward buttons work,,,
Error Handling & Edge Cases,Data Integrity,TEST-580,High,TRUE,Orphaned records prevented,,,
Error Handling & Edge Cases,Data Integrity,TEST-581,High,TRUE,Cascading deletes work correctly,,,
Error Handling & Edge Cases,Data Integrity,TEST-582,High,TRUE,Foreign key constraints enforced,,,
Error Handling & Edge Cases,Data Integrity,TEST-583,High,TRUE,Unique constraints enforced,,,
Error Handling & Edge Cases,Data Integrity,TEST-584,High,TRUE,Data validation at model level,,,
Documentation & Deliverables,Technical Documentation,TEST-585,Medium,TRUE,README.md complete and accurate,,,
Documentation & Deliverables,Technical Documentation,TEST-586,Medium,TRUE,Setup instructions clear,,,
Documentation & Deliverables,Technical Documentation,TEST-587,Medium,TRUE,Environment variables documented,,,
Documentation & Deliverables,Technical Documentation,TEST-588,Medium,FALSE,"API documentation available","No Swagger/Redoc seen.",,
Documentation & Deliverables,Technical Documentation,TEST-589,Medium,TRUE,Deployment guide available,,,
Documentation & Deliverables,User Documentation,TEST-590,Low,TRUE,User guides available (if applicable),,,
Documentation & Deliverables,User Documentation,TEST-591,Low,TRUE,FAQ section (if applicable),,,
Documentation & Deliverables,User Documentation,TEST-592,Medium,TRUE,Help text in forms,,,
Documentation & Deliverables,User Documentation,TEST-593,Low,TRUE,Tooltips where needed,,,
Documentation & Deliverables,Code Documentation,TEST-594,Low,TRUE,Inline code comments,,,
Documentation & Deliverables,Code Documentation,TEST-595,Low,TRUE,Function docstrings,,,
Documentation & Deliverables,Code Documentation,TEST-596,Low,TRUE,Complex logic explained,,,
Documentation & Deliverables,Code Documentation,TEST-597,Medium,TRUE,"Architecture documented","Refer to docs/ui-ux-redesign-status.md and docs/ui-ux-redesign-audit.md for UI/UX and system architecture details.",,
Performance Benchmarks,Page Load Targets,TEST-598,High,TRUE,Homepage: < 3 seconds,,,
Performance Benchmarks,Page Load Targets,TEST-599,High,TRUE,Search pages: < 3 seconds,,,
Performance Benchmarks,Page Load Targets,TEST-600,High,TRUE,Detail pages: < 4 seconds,,,
Performance Benchmarks,Page Load Targets,TEST-601,Medium,TRUE,Dashboard: < 2 seconds,,,
Performance Benchmarks,Page Load Targets,TEST-602,Medium,TRUE,Forms: < 2 seconds,,,
Performance Benchmarks,API Response Targets,TEST-603,High,TRUE,List endpoints: < 500ms,,,
Performance Benchmarks,API Response Targets,TEST-604,High,TRUE,Detail endpoints: < 300ms,,,
Performance Benchmarks,API Response Targets,TEST-605,High,TRUE,Search endpoints: < 1 second,,,
Performance Benchmarks,API Response Targets,TEST-606,Medium,TRUE,File upload: < 5 seconds (depends on size),,,
Performance Benchmarks,Database Query Targets,TEST-607,High,TRUE,No queries > 1 second,,,
Performance Benchmarks,Database Query Targets,TEST-608,High,TRUE,N+1 queries eliminated,,,
Performance Benchmarks,Database Query Targets,TEST-609,High,TRUE,Proper indexing in place,,,
Performance Benchmarks,Database Query Targets,TEST-610,Medium,TRUE,Query counts reasonable (< 50 per page load),,,